index,License_Number,FirmName,Doing_Business_As: ,Expiration_Date,Work_Phone,Street_Address,City,State,Zipcode,Location
0,43004,"Hill-Rom Company, Inc.",,01/20/2015,(408) 727-9835,2975 Mead Avenue,Santa Clara,CA,95051,"2975 Mead Avenue
Santa Clara, CA 95051
(37.37177026600045, -121.97797443599973)"
1,43016,Valley Home Medical Supply,,02/22/2015,(818) 225-7705,7361 Topanga Canyon Boulevard,Canoga Park,CA,91303,"7361 Topanga Canyon Boulevard
Canoga Park, CA 91303
(34.20449074000044, -118.60599213499972)"
2,43027,Performance Prosthetics Orthotic Center,Performance Prosthetics & Orthotics Specialists,05/20/2015,(310) 829-2322,2820 Santa Monica Boulevard,Santa Monica,CA,90404,"2820 Santa Monica Boulevard
Santa Monica, CA 90404
(34.03490489800049, -118.4722729719997)"
3,43082,Apria Healthcare LLC,,01/10/2015,(209) 384-7100,"2260 Cooper Avenue, Suite E",Merced,CA,95348,"2260 Cooper Avenue, Suite E
Merced, CA 95348
(37.31632342100045, -120.50913880599973)"
4,43083,"Braden Partners, L.P.",Pacific Pulmonary Services,02/14/2015,(831) 722-3001,440 Westridge Drive,Watsonville,CA,95076,"440 Westridge Drive
Watsonville, CA 95076
(36.91119743900049, -121.7833065909997)"
5,43095,Sunrise Medical Supplies Inc.,,03/22/2015,(415) 666-0933,6149 Geary Boulevard,San Francisco,CA,94121,"6149 Geary Boulevard
San Francisco, CA 94121
(37.77999016500047, -122.48513085599973)"
6,43148,A Care Medical Supplies,,02/03/2015,(626) 307-9822,"1446 South San Gabriel Boulevard, Suite A",San Gabriel,CA,91776,"1446 South San Gabriel Boulevard, Suite A
San Gabriel, CA 91776
(34.08226292600045, -118.09074331499971)"
7,43183,Apria Healthcare LLC,,02/07/2015,(916) 921-1162,4295 Business Drive,Shingle Springs,CA,95682,"4295 Business Drive
Shingle Springs, CA 95682
(38.65040189000047, -120.95077731399971)"
8,43185,"Rest E-Z, Inc.",Rest E-Z DME,04/19/2016,(510) 232-3600,11886 San Pablo Avenue,El Cerrito,CA,94530,"11886 San Pablo Avenue
El Cerrito, CA 94530
(37.92944144000046, -122.3212386939997)"
9,43188,"Newport Center Orthopedic, Inc.",,03/18/2015,(949) 644-0065,"400 Newport Center Drive, Suite 104",Newport Beach,CA,92660,"400 Newport Center Drive, Suite 104
Newport Beach, CA 92660
(33.614075365000474, -117.87282171899972)"
10,43242,"Hill-Rom Company, Inc.",,02/23/2015,(951) 369-3371,"1110 Palmyrita Avenue, Suite 100",Riverside,CA,92507,"1110 Palmyrita Avenue, Suite 100
Riverside, CA 92507
(34.004733469000485, -117.33690927299972)"
11,43292,"Accurate Medical Services, LLC",,04/26/2015,(310) 472-4257,"522 South Sepulveda Boulevard, Suite 110",Los Angeles,CA,90049,"522 South Sepulveda Boulevard, Suite 110
Los Angeles, CA 90049
(34.065500203000454, -118.45960625299972)"
12,43442,LA Foot Inc.,,04/19/2015,(510) 644-3668,2917 College Avenue,Berkeley,CA,94705,"2917 College Avenue
Berkeley, CA 94705
(37.85799381700048, -122.2531046579997)"
13,43468,Santa Clara Ostomy & Medical Supply Inc.,,07/01/2015,(408) 296-7890,2455 Forest Avenue,San Jose,CA,95128,"2455 Forest Avenue
San Jose, CA 95128
(37.32698778900044, -121.9487697459997)"
14,43472,Hoveround Corporation,,05/05/2015,(800) 771-6565,1586 Fayette Street,El Cajon,CA,92020,"1586 Fayette Street
El Cajon, CA 92020
(32.81660170900045, -116.97794286899972)"
15,43558,Wheelchair City Inc.,,07/29/2015,(951) 677-5568,"41610 Date Street, Suite 105",Murrieta,CA,92562,"41610 Date Street, Suite 105
Murrieta, CA 92562
(33.52798839100046, -117.17696910099971)"
16,43562,"Hill-Rom Company, Inc.",,05/20/2015,(818) 886-0022,9743 Independence Avenue,Chatsworth,CA,91311,"9743 Independence Avenue
Chatsworth, CA 91311
(34.247188114000494, -118.5907900959997)"
17,43564,"Hill-Rom Company, Inc.",,10/11/2014,(858) 505-9399,"9596 Cheasapeake Drive, Suite C",San Diego,CA,92123,"9596 Cheasapeake Drive, Suite C
San Diego, CA 92123
(32.834070459000486, -117.12397825299968)"
18,43575,Advanced Medical Technology,,05/26/2015,(805) 967-9200,"5266 Hollister, Suite 107",Santa Barbara,CA,93111,"5266 Hollister, Suite 107
Santa Barbara, CA 93111
(34.434978214000466, -119.80750864699968)"
19,43582,Unique Embroidery Inc.,Unique Medical Equipment and Supplies,05/11/2015,(626) 282-2059,"801 South Raymond, Suite 40",Alhambra,CA,91803,"801 South Raymond, Suite 40
Alhambra, CA 91803
(34.08180153300049, -118.14495265799968)"
20,43597,"Wisdomking.com, Inc.",,04/22/2015,(760) 450-0671,"4015 Avenida De LA Plata, Suite 401",Oceanside,CA,92056,"4015 Avenida De LA Plata, Suite 401
Oceanside, CA 92056
(33.20846294800049, -117.3012645879997)"
21,43639,Progressive Medical,,05/04/2015,(760) 448-4448,"2720 Loker Avenue West, Unit P",Carlsbad,CA,92010,"2720 Loker Avenue West, Unit P
Carlsbad, CA 92010
(33.13323738200046, -117.25914522999972)"
22,43731,"Hill-Rom Company, Inc.",,06/17/2015,(510) 233-1487,"1450 Regatta Boulevard, Unit A",Richmond,CA,94804,"1450 Regatta Boulevard, Unit A
Richmond, CA 94804
(37.917228132000446, -122.35343328199968)"
23,43829,My Best Homecare,,08/04/2015,(408) 934-9617,511 Montague Expressway,Milpitas,CA,95035,"511 Montague Expressway
Milpitas, CA 95035
(37.409507299000495, -121.8950664999997)"
24,43834,Lincare Inc.,,06/29/2015,(530) 534-1535,"1940 Feather River Boulevard, Suite J",Oroville,CA,95965,"1940 Feather River Boulevard, Suite J
Oroville, CA 95965
(39.50300354400048, -121.57081480899973)"
25,43950,Respiratory Equipment Mgmt. (REM),,09/09/2014,(707) 252-1012,"855 Bordeaux Way, Suite 230",Napa,CA,94558,"855 Bordeaux Way, Suite 230
Napa, CA 94558
(38.2490194990005, -122.27145474599968)"
26,44042,Precision Medical Equipment Supply,,09/14/2014,(818) 293-0660,6942 Foothill Boulevard,Tujunga,CA,91042,"6942 Foothill Boulevard
Tujunga, CA 91042
(34.247832668000456, -118.2832506739997)"
27,44170,A-1 Oxygen Inc.,,08/25/2014,(661) 322-0909,"2015 Westwind Drive, Suite 9",Bakersfield,CA,93301,"2015 Westwind Drive, Suite 9
Bakersfield, CA 93301
(35.377351156000486, -119.04252257699972)"
28,44252,FCMS Corporation,First Choice Medical Supply,11/16/2014,(805) 485-0331,"1751 North Lombard Street, Suite C",Oxnard,CA,93030,"1751 North Lombard Street, Suite C
Oxnard, CA 93030
(34.21755070200044, -119.1493425589997)"
29,44376,"Living Medical Equipment, Inc.",,01/17/2015,(408) 573-7670,2123-K Bering Drive,San Jose,CA,95131,"2123-K Bering Drive
San Jose, CA 95131
(37.377261357000464, -121.91777430699972)"
30,44379,Able Medical,,10/13/2014,(415) 831-2228,448 Clement Street,San Francisco,CA,94118,"448 Clement Street
San Francisco, CA 94118
(37.78298833700046, -122.46415083299968)"
31,44380,"Marion Medical Supply, Inc.",,10/21/2014,(916) 451-4461,2508 Franklin Boulevard,Sacramento,CA,95818,"2508 Franklin Boulevard
Sacramento, CA 95818
(38.55690850700046, -121.47585846799973)"
32,44383,Hoveround Corporation,,10/21/2014,(800) 771-6565,"3331 Pegasus Drive, Suite 103",Bakersfield,CA,93308,"3331 Pegasus Drive, Suite 103
Bakersfield, CA 93308
(35.43542731100047, -119.06769762999971)"
33,44388,Back  Bubble,,01/25/2015,(858) 481-8715,621 Seabright Lane,Solana Beach,CA,92075,"621 Seabright Lane
Solana Beach, CA 92075
(32.999550798000485, -117.27271219699969)"
34,44403,Confidence First Medical Supplies,,10/04/2014,(310) 330-7636,316 East Manchester Blvd.,Inglewood,CA,90301,"316 East Manchester Blvd.
Inglewood, CA 90301
(33.96176648700049, -118.35105602899972)"
35,44404,King Medical Supply of California Inc.,,09/15/2015,(310) 533-8800,20816 Higgins Court,Torrance,CA,90501,"20816 Higgins Court
Torrance, CA 90501
(33.84089051800049, -118.31039612899968)"
36,44408,"New Start Home Medical Equipment, Inc.",,10/04/2014,(805) 520-2727,"90 West Cochran Street, Suite A",Simi Valley,CA,93065,"90 West Cochran Street, Suite A
Simi Valley, CA 93065
(34.282278524000446, -118.7975308019997)"
37,44444,Grand Wheelchair & Medical Supply, All Wheelchair & Mobility Center,11/10/2014,(510) 353-1999,41917 Albrae Street,Fremont,CA,94538,"41917 Albrae Street
Fremont, CA 94538
(37.51282015100048, -121.97481038599972)"
38,44445,"SleepQuest, Inc.",,11/10/2014,(559) 436-8800,"5475 Fresno Street, #112",Fresno,Ca,93710,"5475 Fresno Street, #112
Fresno, Ca 93710
(36.81712037000045, -119.7813841139997)"
39,44455,"Central Medical Supply, Inc.",,10/13/2014,(408) 260-8884,2344 El Camino Real #110,Santa Clara,CA,95050,"2344 El Camino Real #110
Santa Clara, CA 95050
(37.352282679000496, -121.9667292099997)"
40,44551,Tripple R. Newlife Medical Supply,,10/18/2014,(909) 623-8136,1641 N. Garey Avenue,Pomona,CA,91767,"1641 N. Garey Avenue
Pomona, CA 91767
(34.07518838000044, -117.75230332999968)"
41,44608,Diamond Respiratory Care Inc.,,12/21/2014,(951) 686-0418,1403 Palmyrita Avenue,Riverside,CA,92507,"1403 Palmyrita Avenue
Riverside, CA 92507
(34.004808367000464, -117.3413397969997)"
42,44609,General Home Medical Supply Inc,,10/26/2014,(805) 449-1559,"717 Lakefield Road, Suite D",Westlake Village,CA,91361,"717 Lakefield Road, Suite D
Westlake Village, CA 91361
(34.15785122800048, -118.8304183679997)"
43,44616,"Braden Partners, LP",Pacific Pulmonary Services,01/13/2015,(559) 582-0815,"957 E.  Lacey Blvd, Suite #107",Hanford,CA,93230,"957 E. Lacey Blvd, Suite #107
Hanford, CA 93230
(36.32801134900046, -119.6308701859997)"
44,44617,Braden Partners LP,Pacific Pulmonary Services,01/13/2015,(415) 884-2205,"37 Commercial Blvd, Suite 100",Novato,CA,94949,"37 Commercial Blvd, Suite 100
Novato, CA 94949
(38.067906148000475, -122.52989542499972)"
45,44656,Medical Supply Depot,,10/31/2014,(323) 773-6522,4846 East Florence Avenue #B104,Bell,CA,90201,"4846 East Florence Avenue #B104
Bell, CA 90201
(33.969463275000464, -118.18042219599971)"
46,44705,"Superior Mobility, Inc.",,10/17/2014,(310) 533-4840,360 Maple Avenue,Torrance,CA,90503,"360 Maple Avenue
Torrance, CA 90503
(33.84568718300045, -118.34011173999971)"
47,44746,Ecologically Sound Medical SUCS, Medical Network Distribution,03/29/2015,(209) 835-6868,1865 N. MacArthur Dr.,Tracy,CA,95376,"1865 N. MacArthur Dr.
Tracy, CA 95376
(37.74946269800046, -121.41249894199973)"
48,44750,Sandman Technologies Inc,Omnicare,12/19/2014,(661) 395-0471,2030 Truxtun Avenue,Bakersfield,CA,93301,"2030 Truxtun Avenue
Bakersfield, CA 93301
(35.37344837800049, -119.02560938499971)"
49,44784,"Achieve Comfort Medical Equipment & Supply, Inc.",,12/20/2014,(323) 852-6900,370 South Fairfax Avenue,Los Angeles,CA,90036,"370 South Fairfax Avenue
Los Angeles, CA 90036
(34.07787110000049, -118.36144682199972)"
50,44824,"Braden Partners, L.P.",Pacific Pulmonary Services,04/14/2015,(559) 449-7500,"340 West Fallbrook Ave.,  Suite 109 & 110",Fresno,CA,93711,"340 West Fallbrook Ave., Suite 109 &amp; 110
Fresno, CA 93711
(36.83001957300047, -119.83174647799967)"
51,44849,"S.B. HealthCare Acquisition, Inc.",Santa Barbara Healthcare,11/15/2014,(805) 892-4501,"36 S. Calle Cesar Chavez Street, Suite B",Santa Barbara,CA,93103,"36 S. Calle Cesar Chavez Street, Suite B
Santa Barbara, CA 93103
(34.41814304900049, -119.6818756989997)"
52,44981,"Centennial Medical Equipment, Inc.",Quest Health Care,01/18/2015,(310) 532-6065,411 W. Walnut Street,Gardena,CA,90248,"411 W. Walnut Street
Gardena, CA 90248
(33.87423019200048, -118.28019826999969)"
53,44990,Ginger-K Center,,03/30/2015,(408) 782-1028,16130 Juan Hernandez Drive-108,Morgan Hill,CA,95037,"16130 Juan Hernandez Drive-108
Morgan Hill, CA 95037
(37.120196990000466, -121.63051181299971)"
54,44991,Qualium Corp.,CPAP Specialists,04/03/2015,(866) 887-6673,"830 Menlo Avenue, Suite 109",Menlo Park,CA,94025,"830 Menlo Avenue, Suite 109
Menlo Park, CA 94025
(37.44971041100047, -122.18450355999971)"
55,44995,"US Medical and Mobility, Inc.",,01/27/2015,(760) 325-8988,"1227 S. Gene Autry Trail, Suite A",Palm Springs,CA,92264,"1227 S. Gene Autry Trail, Suite A
Palm Springs, CA 92264
(33.80675071200045, -116.49293198099969)"
56,44997,"FOLE, INC.",Suncare Medical Supplies,01/20/2015,(619) 697-3767,"7309 University Avenue, Suite E",La Mesa,CA,91942,"7309 University Avenue, Suite E
La Mesa, CA 91942
(32.75572335700048, -117.0403027159997)"
57,45000,First Care Medical Supply,First Care Medical Supply,12/21/2014,(323) 653-3837,7907 Melrose Avenue,Los Angeles,CA,90046,"7907 Melrose Avenue
Los Angeles, CA 90046
(34.08383528100046, -118.36173157099972)"
58,45006,"Braden Partners, LP",Pacific Pulmonary Services,01/17/2015,(707) 206-9179,"3715 Santa Rosa Avenue, A-9",Santa Rosa,CA,95407,"3715 Santa Rosa Avenue, A-9
Santa Rosa, CA 95407
(38.38870140500046, -122.7136244559997)"
59,45022,Southern California Home Medical Service,Home Medical Supplies,06/06/2015,(626) 796-5979,3330 East Colorado Boulevard,Pasadena,CA,91107,"3330 East Colorado Boulevard
Pasadena, CA 91107
(34.14619334600047, -118.08249898299971)"
60,45056,"HNH Wheelchair Sales, Service & Rental, LLC",,01/12/2015,(916) 489-4180,"7330 Fairoaks Blvd, Suite 9",Carmichael,CA,95608,"7330 Fairoaks Blvd, Suite 9
Carmichael, CA 95608
(38.634228463000454, -121.32800441999973)"
61,45059,Queen of Angels Medical Supply,,03/06/2015,(818) 760-2156,12154 Hamlin Street,North Hollywood,CA,91606,"12154 Hamlin Street
North Hollywood, CA 91606
(34.18845562700045, -118.39773005999967)"
62,45160,CPAP Success,,03/06/2015,(510) 505-9228,4537 Mattos Drive,Fremont,CA,94536,"4537 Mattos Drive
Fremont, CA 94536
(37.546909566000465, -122.00399445999972)"
63,45170,"San Mateo Wheelchairs, Inc.",Wheelchairs Tech,04/06/2015,(925) 427-3773,"1251 California Avenue, Suite 500",Pittsburg,CA,94565,"1251 California Avenue, Suite 500
Pittsburg, CA 94565
(38.013007985000456, -121.86810080099968)"
64,45173,"Royal Diagnostics, Inc.",Valley Medical Supply Company,04/18/2015,(818) 373-7000,14440 Hamlin Street,Van Nuys,CA,91401,"14440 Hamlin Street
Van Nuys, CA 91401
(34.18864670100049, -118.44744481399971)"
65,45174,"Braden Partners, L.P.",Pacific Pulmonary Services,03/17/2015,(818) 718-9861,"19205 Parthenia Street, Suite J",Northridge,CA,91324,"19205 Parthenia Street, Suite J
Northridge, CA 91324
(34.22825825400048, -118.55153865899968)"
66,45176,Sutter Visiting Nurse Association and Hospice,Timberlake,04/10/2015,(510) 895-4403,2953 Teagarden Street,San Leandro,CA,94577,"2953 Teagarden Street
San Leandro, CA 94577
(37.70506643200048, -122.15713571399971)"
67,45385,"Maui Medical, Inc.",,08/09/2014,(909) 877-1500,317 W. Tullock Street,Rialto,CA,92376,"317 W. Tullock Street
Rialto, CA 92376
(34.076362764000464, -117.37481934499971)"
68,45387,Priority Medical Supply,,03/29/2015,(209) 668-8723,1504 Colorado Avenue,Turlock,CA,95380,"1504 Colorado Avenue
Turlock, CA 95380
(37.50669996500045, -120.83525530099968)"
69,45389,Kimcorp,Abbey Medical,06/29/2015,(559) 431-1000,6057 N. Palm Avenue,Fresno,CA,93704,"6057 N. Palm Avenue
Fresno, CA 93704
(36.82393957400046, -119.80845351799968)"
70,45405,"Master Chief, Inc.",Respiratory Therapy Home Care,03/16/2015,(562) 529-8690,9142 Sonrisa Street,Bellflower,CA,90706,"9142 Sonrisa Street
Bellflower, CA 90706
(33.903465182000446, -118.13969133899968)"
71,45416,"Sunset Sleep Labs, LLC",,05/02/2015,(805) 582-0999,"2796 Sycamore Drive, Suite 103",Simi Valley,CA,93065,"2796 Sycamore Drive, Suite 103
Simi Valley, CA 93065
(34.28580957200046, -118.7437462739997)"
72,45465,"Ocean Side Home Health Services, Inc.","Oceanside Home Health Serivces, Inc.",05/17/2015,(323) 934-5050,"4322 Wilshire Blvd., Suite 208",Los Angeles,CA,90010,"4322 Wilshire Blvd., Suite 208
Los Angeles, CA 90010
(34.061752982000485, -118.32264027499969)"
73,45466,"Ability Center, Inc.",,04/05/2015,(858) 541-0552,4797 Ruffner Street,San Diego,CA,92111,"4797 Ruffner Street
San Diego, CA 92111
(32.828568309000445, -117.15833785599972)"
74,45467,"Advent Medical Equipment & Supply, Inc.",Advent Medical Equipment & Supply,04/24/2015,(323) 255-8008,5806 Monterey Road,Los Angeles,CA,90042,"5806 Monterey Road
Los Angeles, CA 90042
(34.10416201600049, -118.1850985049997)"
75,45468,Apria Healthcare LLC,,04/20/2015,(661) 324-4887,414 19th Street,Bakersfield,CA,93301,"414 19th Street
Bakersfield, CA 93301
(35.37621846300044, -119.0063593649997)"
76,45499,"Inogen, Inc.",,10/16/2014,(805) 562-0500,326 Bollay Drive,Goleta,CA,93117,"326 Bollay Drive
Goleta, CA 93117
(34.42770040200048, -119.86815669599969)"
77,45625,Don B. Louie,Sierra Pulmonary,04/24/2015,(530) 621-2055,"6051 Enterprise Drive, Suite 103",Diamond Springs,CA,95619,"6051 Enterprise Drive, Suite 103
Diamond Springs, CA 95619
(38.69413789900045, -120.83425511999968)"
78,45638,"Braden Partners, L.P.",Pacific Pulmonary Services,05/10/2015,(925) 370-2922,"827 Arnold Drive, Bay #3",Martinez,CA,94553,"827 Arnold Drive, Bay #3
Martinez, CA 94553
(37.996779555000444, -122.11245724499969)"
79,45651,Active Potential,Active Potential,06/21/2015,(858) 292-4128,"7898 Ostrow Street, Suite G",San Diego,CA,92111,"7898 Ostrow Street, Suite G
San Diego, CA 92111
(32.81389169600044, -117.15542834399969)"
80,45653,"A to Z Health Care, Inc.",,06/05/2015,(626) 296-3899,2457 E. Washington Blvd.,Pasadena,CA,91104,"2457 E. Washington Blvd.
Pasadena, CA 91104
(34.16916101100048, -118.09981712499967)"
81,45654,"Action Medical Equipment & Supplies, Inc.",,05/25/2015,(310) 978-9832,"11801 Inglewood Blvd., Suite 3",Hawthorne,CA,90250,"11801 Inglewood Blvd., Suite 3
Hawthorne, CA 90250
(33.92704086700047, -118.36134196399968)"
82,45656,Ledu's Pedorthic Services,,08/23/2014,(760) 352-3336,215 S. 5th Street,El Centro,CA,92243,"215 S. 5th Street
El Centro, CA 92243
(32.79156977000048, -115.5546860179997)"
83,45661,"Gallant Medical Supply, Inc.",,05/16/2015,(951) 672-4965,27740 Encanto Drive,Sun City,CA,92586,"27740 Encanto Drive
Sun City, CA 92586
(33.71810567200049, -117.18850689799967)"
84,45843,"Vermont Medical Supply, Inc.",MASH,06/14/2015,(213) 487-5695,"2681 W. Olympic Blvd., #101",Los Angeles,CA,90006,"2681 W. Olympic Blvd., #101
Los Angeles, CA 90006
(34.052449960000445, -118.2908514769997)"
85,45849,OC Medical Supply,,05/18/2015,(714) 956-4690,755 N. Euclid Street,Anaheim,CA,92801,"755 N. Euclid Street
Anaheim, CA 92801
(33.84260050400047, -117.94164290199967)"
86,45867,"Progressive Motion, Inc.",,03/16/2015,(310) 465-1810,"23862 Hawthorne Blvd., Suite 100",Torrance,CA,90505,"23862 Hawthorne Blvd., Suite 100
Torrance, CA 90505
(33.80821383500046, -118.35073904599972)"
87,45968,"Lincare, Inc.",,08/18/2015,(714) 637-7570,"2326 N. Batavia, Suite 115",Orange,CA,92865,"2326 N. Batavia, Suite 115
Orange, CA 92865
(33.82693519400044, -117.86211114099967)"
88,46012,"Braden Partners, L.P.",Pacific Pulmonary Services,09/27/2015,(951) 222-2007,3330 Durahart Street,Riverside,CA,92507,"3330 Durahart Street
Riverside, CA 92507
(33.98180306100045, -117.34994734199972)"
89,46027,Arlene Stephenson,Wyatt Health,07/24/2015,(760) 633-1541,425 1/2 Santa Fe Drive,Encinitas,CA,92024,"425 1/2 Santa Fe Drive
Encinitas, CA 92024
(33.03619113300044, -117.28360736699972)"
90,46048,"Centennial Medical Equipment, Inc.",CalCare Medical,11/01/2014,(626) 796-3280,888 North Fair Oaks Avenue,Pasadena,CA,91103,"888 North Fair Oaks Avenue
Pasadena, CA 91103
(34.16121813800049, -118.15057564599971)"
91,46122,Apria Healthcare LLC,,10/13/2014,(909) 476-5000,9876 Hawthorne Drive,Rancho Cucamonga,CA,91730,"9876 Hawthorne Drive
Rancho Cucamonga, CA 91730
(34.082434357000466, -117.59009876199968)"
92,46126,"The Scooter Store - San Francisco, LLC",The Scooter Store / Alliance Seating & Mobility,09/12/2014,(650) 226-0025,"1300 Industrial Road, Unit #20",San Carlos,CA,94070,"1300 Industrial Road, Unit #20
San Carlos, CA 94070
(37.501205885000445, -122.24553531899971)"
93,46137,Feather River Hospital,Feather River Home Oxygen,07/31/2015,(530) 872-0872,1295 Bille Road,Paradise,CA,95969,"1295 Bille Road
Paradise, CA 95969
(39.770438251000485, -121.59851986099972)"
94,46173,"Braden Partners, L.P.",Pacific Pulmonary Services,09/13/2015,(707) 442-1130,"1900 Bendixsen Street, Building 6, Unit 4",Samoa,CA,95564,"1900 Bendixsen Street, Building 6, Unit 4
Samoa, CA 95564
(40.79479633800048, -124.19696450199973)"
95,46176,Sunrise Medical Supplies Inc.,,08/31/2014,(510) 893-1168,257 12th Street,Oakland,CA,94607,"257 12th Street
Oakland, CA 94607
(37.80120476100046, -122.26767986999971)"
96,46240,"Hometown Medical Supplies, Inc.",,08/28/2015,(213) 380-1599,"2426 West 8th Street, Suite 103",Los Angeles,CA,90057,"2426 West 8th Street, Suite 103
Los Angeles, CA 90057
(34.05659536900049, -118.2817815139997)"
97,46267,"Kingdom Medical Supply, Inc.",,10/25/2015,(415) 751-0628,"3900 Geary Blvd., Suite 104",San Francisco,CA,94118,"3900 Geary Blvd., Suite 104
San Francisco, CA 94118
(37.781248392000464, -122.4612505399997)"
98,46278,"Economy Medical, Inc.",,11/02/2014,(925) 671-4800,114 Center Avenue,Pacheco,CA,94533,"114 Center Avenue
Pacheco, CA 94533
(37.983652305000476, -122.06473276799971)"
99,46279,"Respironics Colorado, Inc.",,10/05/2014,(562) 483-6805,"14101 Rosecrans Avenue, Unit F",La Mirada,CA,90638,"14101 Rosecrans Avenue, Unit F
La Mirada, CA 90638
(33.902528376000475, -118.03119939699968)"
100,46428,"Oxygen Plus, Inc.",,10/18/2014,(925) 943-5080,"130 La Casa Via, #106",Walnut Creek,CA,94598,"130 La Casa Via, #106
Walnut Creek, CA 94598
(37.91177541900049, -122.0413728739997)"
101,46436,Aroma Medical Supply,,10/11/2014,(562) 924-3626,18183 Pioneer Bl.,Artesia,CA,90701,"18183 Pioneer Bl.
Artesia, CA 90701
(33.86653547900045, -118.08231122399968)"
102,46452,Pain and Rehabilitation Technologies,,10/27/2015,(858) 564-0677,7950 Dunbrook Road,San Diego,CA,92126,"7950 Dunbrook Road
San Diego, CA 92126
(32.89295090200045, -117.15020159399967)"
103,46560,"Advantacare Health, Inc.",Advantacare Medical,10/11/2014,(800) 481-4662,"5 Mandeville Court, Suite 200",Monterey,CA,93940,"5 Mandeville Court, Suite 200
Monterey, CA 93940
(36.57500061000047, -121.8122370259997)"
104,46597,All-Care Medical Supply Corp,,01/03/2015,(323) 750-7800,8937 South Western Ave,Los Angeles,CA,90047,"8937 South Western Ave
Los Angeles, CA 90047
(33.955251031000444, -118.30905256799969)"
105,46598,Naptime Homecare,NHC Medical Supply,11/12/2014,(626) 857-9400,910 South Grand Avenue,Glendora,CA,91740,"910 South Grand Avenue
Glendora, CA 91740
(34.122755146000486, -117.87256398299968)"
106,46701,Hub Medical Products Inc,,02/09/2015,(760) 438-3868,"2794 Loker Ave. West,  Suite # 100",Carlsbad,CA,92010,"2794 Loker Ave. West, Suite # 100
Carlsbad, CA 92010
(33.13142734300044, -117.25314883299967)"
107,46883,"Braden Partners, L.P.",Pacific Pulmonary Services,12/26/2014,(626) 851-8503,"16031 Arrow Highway, Suite G",Irwindale,CA,91706,"16031 Arrow Highway, Suite G
Irwindale, CA 91706
(34.10705839900049, -117.9320294149997)"
108,46959,Apria Healthcare LLC,,08/27/2015,(530) 669-6420,1680 Tide Court,Woodland,CA,95776,"1680 Tide Court
Woodland, CA 95776
(38.680876287000444, -121.74437799699967)"
109,46987,"Wichita Home Care Equip, Inc.",Home Med - Equip Co.,01/05/2015,(209) 521-2538,"1221 E. Orangeburg, Ste. 6",Modesto,CA,95350,"1221 E. Orangeburg, Ste. 6
Modesto, CA 95350
(37.66357723700048, -120.9771053129997)"
110,47031,Dobson Medical (Equipment) Supply,Dobson Medical (Equipment) Supply,03/19/2015,(562) 602-5501,"8040 Alondra Blvd. , Suite C",Paramount,CA,90723,"8040 Alondra Blvd. , Suite C
Paramount, CA 90723
(33.88911351100046, -118.15842974599968)"
111,47032,Apria Healthcare LLC,,03/23/2015,(415) 883-0496,"9 Pamaron Way, Suite A",Novato,CA,94949,"9 Pamaron Way, Suite A
Novato, CA 94949
(38.0674383220005, -122.53118597999969)"
112,47066,"Gallant Medical Supply, Inc.",Gallant Medical Supply,05/04/2015,(951) 658-2505,162 N. San Jacinto St.,Hemet,CA,92543,"162 N. San Jacinto St.
Hemet, CA 92543
(33.74919077800047, -116.9586266769997)"
113,47075,Scott Valley Respiratory Home Care Inc,,05/08/2015,(530) 841-3000,1714 South Oregon St,Yreka,CA,96097,"1714 South Oregon St
Yreka, CA 96097
(41.70858075900048, -122.64517055899972)"
114,47076,DME,,10/04/2014,(530) 604-6539,9231 Silver King Road,Redding,CA,96001,"9231 Silver King Road
Redding, CA 96001
(40.55195956400047, -122.44705558099969)"
115,47079,"Senior Mobility Aids, Inc.",,02/15/2015,(760) 599-8800,"2588 Progress Street, Suite 1",Vista,CA,92081,"2588 Progress Street, Suite 1
Vista, CA 92081
(33.14618903000047, -117.21887874199967)"
116,47100,Prompt Medical Equipment,,02/12/2016,(562) 630-2569,7910 Adams Street,Paramount,ca,90723,"7910 Adams Street
Paramount, ca 90723
(33.89478273900045, -118.16106847099968)"
117,47171,"Braden Partners, L.P.",Pacific Pulmonary Services,03/27/2015,(760) 327-2896,"3500 E. Tachevah Drive, Suite C",Palm Springs,ca,92262,"3500 E. Tachevah Drive, Suite C
Palm Springs, ca 92262
(33.83771828600044, -116.5095893669997)"
118,47180,Donald N. Iwuagwu,Nadonah Medical Supply,05/29/2014,(661) 718-3870,5021 West Avenue M,Quartz Hills,ca,93536,"5021 West Avenue M
Quartz Hills, ca 93536
(34.645642041000485, -118.21916343899971)"
119,47211,"JI Medical, Inc.",Ramat Medical,03/20/2015,(323) 938-7411,"5812 W. Pico Blvd., Ste. A",Los Angeles,ca,90019,"5812 W. Pico Blvd., Ste. A
Los Angeles, ca 90019
(34.051143924000485, -118.3649244079997)"
120,47221,Sutter Visiting Nurse Association and Hospice,Timberlake,03/01/2015,(916) 423-2198,8322 Ferguson Avenue,Sacramento,ca,95828,"8322 Ferguson Avenue
Sacramento, ca 95828
(38.523742004000496, -121.39544925099972)"
121,47264,R & F Home Medical Equipment & Supplies,Rhodora Fiore Gent Prt,03/13/2015,(707) 426-1770,1076 Horizon Dr. Unit 4,Fairfield,CA,94533,"1076 Horizon Dr. Unit 4
Fairfield, CA 94533
(38.27390910900044, -122.01198880899972)"
122,47290,Inland Durable Medical Equipment & Supplies Corp.,Inland DME & Supplies Corp.,04/06/2015,(951) 278-1222,"1426 W. 6th St., Suite # 108",Corona,CA,92882,"1426 W. 6th St., Suite # 108
Corona, CA 92882
(33.878163378000465, -117.59254184199972)"
123,47308,Hometown Medical Supplies,Hometown Medical Supplies,03/14/2015,(408) 279-3955,75 Phelan Ave. #1,San Jose,CA,95112,"75 Phelan Ave. #1
San Jose, CA 95112
(37.31200664600044, -121.86798795699968)"
124,47309,Alpha Respiratory Inc.,Lincare Inc.,03/19/2015,(707) 263-1476,1259 South Main Street,Lakeport,CA,95453,"1259 South Main Street
Lakeport, CA 95453
(39.03400375600046, -122.91582622099969)"
125,47340,"Home Medical Leaders, Inc.",Palomar Medical Supplies,05/15/2015,(760) 433-2800,602 Vista Way,Oceanside,CA,92054,"602 Vista Way
Oceanside, CA 92054
(33.17263124000044, -117.35870215799969)"
126,47390,"Diablo Prosthetics & Orthotics, Inc.",,10/29/2014,(925) 484-6400,4479 Stoneridge Dr. Suite A,Pleasanton,CA,94588,"4479 Stoneridge Dr. Suite A
Pleasanton, CA 94588
(37.688023032000444, -121.87622899599972)"
127,47427,Advanced Home Medical Inc,,06/14/2015,(909) 444-2991,312 Paseo Tesoro,Walnut,CA,91789,"312 Paseo Tesoro
Walnut, CA 91789
(34.01332862100048, -117.85713357799972)"
128,47494,"Choice Home Medical Supplies, Inc.",Choice Medical Supplies,04/17/2015,(562) 256-9961,"800 E. Wardlow Rd., Suite A",Long Beach,CA,90807,"800 E. Wardlow Rd., Suite A
Long Beach, CA 90807
(33.81888558400044, -118.18258832299972)"
129,47497,Lincare Inc,,04/27/2015,(909) 793-0802,"2015 Park Avenue, Ste. 16",Redlands,CA,92373,"2015 Park Avenue, Ste. 16
Redlands, CA 92373
(34.059313602000486, -117.22319979999969)"
130,47499,Amarjit Singh,American Med,05/03/2015,(209) 938-0833,"2216 N. California Street, Suite B",Stockton,CA,95204,"2216 N. California Street, Suite B
Stockton, CA 95204
(37.97388456200048, -121.29031904399972)"
131,47522,Inland Medical Supplies,Inland Medical Supplies,04/27/2015,(951) 354-5151,9438 Magnolia Avenue,Riverside,CA,92503,"9438 Magnolia Avenue
Riverside, CA 92503
(33.92095386700049, -117.44534819899968)"
132,47555,"DW Medical Supply, Inc.",,05/17/2015,(310) 330-0162,1524 Centinela Ave.,Inglewood,CA,90302,"1524 Centinela Ave.
Inglewood, CA 90302
(33.976978457000484, -118.3661170199997)"
133,47576,Richand Inc.,Richand Medical Supply,07/13/2014,(760) 242-3600,17852 US Highway 18,Apple Valley,CA,92307,"17852 US Highway 18
Apple Valley, CA 92307
(34.540161079000484, -117.2738352939997)"
134,47578,"Enteral Products, LLC",,05/29/2015,(323) 826-2226,"11333 Greenstone Ave., Suite A",Santa Fe Springs,CA,90670,"11333 Greenstone Ave., Suite A
Santa Fe Springs, CA 90670
(33.92937078100044, -118.05814204999967)"
135,47619,Imperial Medical Management Inc.,,06/07/2015,(951) 674-2424,27297 Lindell Rd.,Lake Elsinore,CA,92532,"27297 Lindell Rd.
Lake Elsinore, CA 92532
(33.72209602400045, -117.34453161799968)"
136,47776,Ben Djabourian,Vito's Pedorthic Center,06/24/2015,(626) 858-9460,"143 East Rowland Street, # 2",Covina,CA,91723,"143 East Rowland Street, # 2
Covina, CA 91723
(34.07906832100048, -117.88869900899971)"
137,47815,"Hill-Rom Company, Inc.",,07/09/2015,(707) 476-8101,1817 2nd Street,Eureka,CA,95501,"1817 2nd Street
Eureka, CA 95501
(40.80636840900047, -124.15201899799968)"
138,47827,"La Cienega Enterprise, Inc.",La Cienega Pharmacy,07/04/2015,(310) 360-0543,1528 S. La Cienega Blvd.,Los Angeles,CA,90035,"1528 S. La Cienega Blvd.
Los Angeles, CA 90035
(34.04973894400047, -118.37612389299971)"
139,47914,"Superior Mobility, Inc",,09/28/2014,(805) 604-1332,"1901 Holser Walk, Suite 302",Oxnard,CA,93036,"1901 Holser Walk, Suite 302
Oxnard, CA 93036
(34.22024317900048, -119.15560076799972)"
140,47915,"Hill-Rom Company, Inc.",,09/18/2015,(650) 872-4337,"375 Oyster Point Blvd., Unit # 6",South San Francisco,CA,94080,"375 Oyster Point Blvd., Unit # 6
South San Francisco, CA 94080
(37.66483205500049, -122.38441778199973)"
141,47922,Pro Med DME Inc.,,07/19/2014,(714) 816-7888,10641 Calle Lee # 185,Los Alamitos,CA,90720,"10641 Calle Lee # 185
Los Alamitos, CA 90720
(33.807950237000455, -118.05737232599972)"
142,47926,Lincare Inc,,07/12/2015,(559) 651-2400,9420 W. Pershing Ave.,Visalia,CA,93291,"9420 W. Pershing Ave.
Visalia, CA 93291
(36.33906745200045, -119.39647935299968)"
143,47975,"Braden Partners, L.P.",Pacific Pulmonary Services,07/24/2015,(619) 696-9340,"3350 Market Street, Suite B",San Diego,CA,92102,"3350 Market Street, Suite B
San Diego, CA 92102
(32.71184792300045, -117.12206632899972)"
144,47979,"Mozena Publishing, Inc.",Mozena Medical Supplies & Equipment,10/18/2014,(562) 498-2500,3935 E. Anaheim St.,Long Beach,CA,90804,"3935 E. Anaheim St.
Long Beach, CA 90804
(33.78262769300045, -118.14626971599972)"
145,47995,Daniel Turner,A.N.G. Medical Supply,08/28/2014,(818) 782-3637,7277 Hayvenhurst Ave. # B-14,Van Nuys,CA,91406,"7277 Hayvenhurst Ave. # B-14
Van Nuys, CA 91406
(34.20273214400049, -118.4931183649997)"
146,48056,"Mobility Equipment, Inc.",Independent Mobility Repair,08/10/2015,(650) 596-7358,"955 E. San Carlos Avenue, Suite C",San Carlos,CA,94070,"955 E. San Carlos Avenue, Suite C
San Carlos, CA 94070
(37.50985721800049, -122.25681154799969)"
147,48060,Super Care Inc,,08/17/2015,(800) 206-4880,320 W. Cerritos Ave.,Glendale,CA,91204,"320 W. Cerritos Ave.
Glendale, CA 91204
(34.125057153000455, -118.2569479279997)"
148,48116,White Tiger Enterprises,Frontera Equipo Medico,08/30/2014,(760) 357-2777,302 E. 3rd Street,Calexico,CA,92231,"302 E. 3rd Street
Calexico, CA 92231
(32.66772359500044, -115.49452011799968)"
149,48136,Aspen Medical Resources,,09/14/2014,(714) 237-0999,685 N. Shepard St.,Anaheim,CA,92806,"685 N. Shepard St.
Anaheim, CA 92806
(33.85053972500049, -117.85247011699971)"
150,48137,"Braden Partners, L.P.",Pacific Pulmonary Services,10/16/2015,(209) 722-0680,"450 Grogan Ave., Suite B",Merced,CA,95341,"450 Grogan Ave., Suite B
Merced, CA 95341
(37.29392306300048, -120.51950934199971)"
151,48140,Grove Medical Equipment LLC,The CPAP Company,10/04/2014,(510) 263-3333,"985 Atlantic Ave., Suite 260",Alameda,CA,94501,"985 Atlantic Ave., Suite 260
Alameda, CA 94501
(37.781126250000455, -122.26873881799969)"
152,48168,Cristal Medical Supply Inc.,,11/13/2014,(323) 255-8333,1722 1/2 Colorado Blvd.,Los Angeles,CA,90041,"1722 1/2 Colorado Blvd.
Los Angeles, CA 90041
(34.13928318000046, -118.20444115899971)"
153,48199,Cure-All Medical Corporation,,08/31/2014,(323) 344-8836,5810 Monterey Road,Los Angeles,CA,90042,"5810 Monterey Road
Los Angeles, CA 90042
(34.10421456700044, -118.18506243499968)"
154,48239,Home Health Resource,,08/28/2015,(510) 352-9592,"4361 Technology Dr., Ste. C",Livermore,CA,94551,"4361 Technology Dr., Ste. C
Livermore, CA 94551
(37.69196268400049, -121.74344464899968)"
155,48324,Holy Spirit DME,,09/12/2014,(626) 962-6288,"12711 Ramona Blvd, Ste 108",Irwindale,CA,91706,"12711 Ramona Blvd, Ste 108
Irwindale, CA 91706
(34.07830781500047, -117.99559504099972)"
156,48326,"Advantacare Health, Inc.",Advantacare Medical,10/05/2014,(831) 481-4662,"2121 41st Avenue, Suite 303",Capitola,CA,95010,"2121 41st Avenue, Suite 303
Capitola, CA 95010
(36.97896237700047, -121.96501077899973)"
157,48366,Lincare Inc,,10/12/2015,(559) 435-6379,"7545 N. Del Mar Ave., Suite 102",Fresno,CA,93711,"7545 N. Del Mar Ave., Suite 102
Fresno, CA 93711
(36.84675590600045, -119.79592360599969)"
158,48442,Bioness Inc.,,10/29/2014,(800) 211-9136,25103 Rye Canyon Loop,Valencia,CA,91355,"25103 Rye Canyon Loop
Valencia, CA 91355
(34.45684171500045, -118.58073612399971)"
159,48444,Shield Healthcare,,11/09/2014,(800) 675-8840,"2950 Buskirk Ave., Ste. 180",Walnut Creek,CA,94597,"2950 Buskirk Ave., Ste. 180
Walnut Creek, CA 94597
(37.928718571000445, -122.05995456999972)"
160,48458,"Pulmonary Solutions, LLC",,11/08/2014,(707) 237-7137,"3765 Brickway Blvd., Suite 103",Santa Rosa,CA,95403,"3765 Brickway Blvd., Suite 103
Santa Rosa, CA 95403
(38.510680806000494, -122.79299477899968)"
161,48592,Aable Medical Products,,01/18/2015,(916) 852-0699,"3250 Monier Circle, Suite A",Rancho Cordova,CA,95742,"3250 Monier Circle, Suite A
Rancho Cordova, CA 95742
(38.58361118100049, -121.2618577019997)"
162,48594,"Medical Providers, Inc.",Breathe Medical,12/18/2014,(866) 535-2727,"1322 Bell Avenue, 1-E",Tustin,CA,92780,"1322 Bell Avenue, 1-E
Tustin, CA 92780
(33.71578230400047, -117.8375218539997)"
163,48602,Amgem Homecare,,12/26/2014,(805) 583-3200,1405 Kuehner Drive,Simi Valley,CA,93063,"1405 Kuehner Drive
Simi Valley, CA 93063
(34.26511702400046, -118.66203578499972)"
164,48606,Home Oxygen Company LLC,,01/08/2015,(209) 523-0202,2020 Coffee Rd. # C-1A,Modesto,CA,95355,"2020 Coffee Rd. # C-1A
Modesto, CA 95355
(37.67332106800046, -120.9757046259997)"
165,48620,CHME Inc.,California Home Medical Equipment,11/13/2014,(650) 357-8550,"289 Foster City Blvd., Suite A",Foster City,CA,94404,"289 Foster City Blvd., Suite A
Foster City, CA 94404
(37.56821176200049, -122.27602098599971)"
166,48653,"MD-Mart, Inc.",,11/16/2014,(408) 453-6468,"1630 Oakland Road, Suite A108",San Jose,CA,95131,"1630 Oakland Road, Suite A108
San Jose, CA 95131
(37.38147573900045, -121.89535572299968)"
167,48680,"Monitor Medical, Inc.",,12/07/2014,(661) 322-2125,"4001 Union Avenue, Unit # 2",Bakersfield,CA,93305,"4001 Union Avenue, Unit # 2
Bakersfield, CA 93305
(35.39584067000044, -119.00302350899972)"
168,48684,Southland Respiratory,,11/15/2014,(951) 785-4232,"11711 Sterling Ave., Suite D",Riverside,CA,92503,"11711 Sterling Ave., Suite D
Riverside, CA 92503
(33.89484592000048, -117.48739952499972)"
169,48686,"SleepQuest, Inc.",,11/29/2014,(650) 412-0123,"985 Industrial Way, Suite 200",San Carlos,CA,94070,"985 Industrial Way, Suite 200
San Carlos, CA 94070
(37.50392181400048, -122.24852664199972)"
170,48689,"ACI Medical, LLC",,12/31/2014,(760) 744-4400,1857 Diamond Street,San Marcos,CA,92078,"1857 Diamond Street
San Marcos, CA 92078
(33.104578981000486, -117.2172298269997)"
171,48733,"National Seating & Mobility, Inc.",,08/12/2015,(909) 335-6047,"350 Alabama St, Suite C-D",Redlands,CA,92373,"350 Alabama St, Suite C-D
Redlands, CA 92373
(34.057298441000455, -117.20874799499967)"
172,48761,"Avangard Souz Business, Inc.",Long Life Medical Health Supply,12/19/2014,(661) 799-9555,"23120 Lyons Ave., Suite 8",Newhall,CA,91321,"23120 Lyons Ave., Suite 8
Newhall, CA 91321
(34.37985305300049, -118.5378772999997)"
173,48762,Lawal A. Balogun,Superior Medical Supply,12/18/2014,(909) 386-3657,"1525 N. D. Street, Suite 14",San Bernardino,CA,92405,"1525 N. D. Street, Suite 14
San Bernardino, CA 92405
(34.127499997000484, -117.29187996699972)"
174,48770,Angelo Miller,AHI,01/25/2015,(510) 835-5022,"400 29th Street, Suite # 208",Oakland,CA,94609,"400 29th Street, Suite # 208
Oakland, CA 94609
(37.81783794900048, -122.2652842759997)"
175,48786,Post Surgical Rehab Specialists,,02/05/2015,(562) 468-4600,"10450 Pioneer Blvd., Suite #3",Santa Fe Springs,CA,90670,"10450 Pioneer Blvd., Suite #3
Santa Fe Springs, CA 90670
(33.93924007500044, -118.08178687299971)"
176,48843,"Aeon Medical Equipment & Supplies,Inc.",,03/10/2015,(909) 596-3252,"1518 Arrow Hwy, Suite J",La Verne,CA,91750,"1518 Arrow Hwy, Suite J
La Verne, CA 91750
(34.10013534800049, -117.78079860599968)"
177,48855,Wheelchairs of Berkeley,,12/10/2014,(510) 549-8727,2911 Shattuck Avenue,Berkeley,CA,94705,"2911 Shattuck Avenue
Berkeley, CA 94705
(37.856274613000494, -122.26660479099968)"
178,48861,MedSupply,,01/15/2015,(559) 292-1540,"5850 E. Shields Avenue, Suite 105",Fresno,CA,93727,"5850 E. Shields Avenue, Suite 105
Fresno, CA 93727
(36.77931324500048, -119.6893138369997)"
179,48872,Butte Therapy Systems Stockton,,01/04/2015,(209) 465-0300,1050 N. Union St.,Stockton,CA,95205,"1050 N. Union St.
Stockton, CA 95205
(37.966039827000486, -121.2797664469997)"
180,48966,"ATG Designing Mobility, Inc.",Numotion,03/04/2015,(858) 571-6544,"7292 Opportunity Rd., Ste. C",San Diego,CA,92111,"7292 Opportunity Rd., Ste. C
San Diego, CA 92111
(32.82536755300049, -117.1603085109997)"
181,48981,Freedom Mobility Center LLC,Freedom Mobility Center,02/28/2015,(510) 799-9920,586 Parker Avenue,Rodeo,CA,94572,"586 Parker Avenue
Rodeo, CA 94572
(38.0299615080005, -122.2664526909997)"
182,48990,MCH Medical Equipment Inc.,Western Rehab,01/27/2015,(707) 544-2412,"3535 Industrial Drive, Suite B1",Santa Rosa,CA,95403,"3535 Industrial Drive, Suite B1
Santa Rosa, CA 95403
(38.47687746700046, -122.73608934199973)"
183,48991,"Homedic, Inc.",Homedic Respiratory Care,03/06/2015,(909) 422-1112,"671 Cooley Drive, # 104",Colton,CA,92324,"671 Cooley Drive, # 104
Colton, CA 92324
(34.059745707000445, -117.30430200299969)"
184,49044,"Anodyne International, Inc.","Integrated Recovery Products Inc, Integrated Prescriptions Solutions Inc",02/19/2015,(949) 423-0131,3190-A Airport Loop Dr.,Costa Mesa,CA,92626,"3190-A Airport Loop Dr.
Costa Mesa, CA 92626
(33.68386184600047, -117.8683060889997)"
185,49071,"Owens Healthcare-Medical Equipment, Inc.",,03/06/2015,(530) 241-7573,2950 Railroad Avenue,Redding,CA,96001,"2950 Railroad Avenue
Redding, CA 96001
(40.56948461900049, -122.39065484199972)"
186,49135,Alpine Home Medical,,02/21/2015,(562) 493-3910,12841 Western Ave. # A,Garden Grove,CA,92841,"12841 Western Ave. # A
Garden Grove, CA 92841
(33.775617095000484, -118.0013876909997)"
187,49177,We Care Orthopedics,,05/01/2015,(661) 821-2625,24120 San Juan Drive,Tehachapi,CA,93561,"24120 San Juan Drive
Tehachapi, CA 93561
(35.16800229100045, -118.6276193119997)"
188,49221,"Peninsula Biomedical, Inc.","Peninsula Medical, Inc.",04/24/2015,(831) 430-9066,"108 Whispering Pines Drive, Suite 115",Scotts Valley,CA,95066,"108 Whispering Pines Drive, Suite 115
Scotts Valley, CA 95066
(37.042483647000495, -122.02735651799969)"
189,49222,Everything Medical,,03/06/2015,(530) 223-3633,2109 Hilltop Dr.,Redding,CA,96002,"2109 Hilltop Dr.
Redding, CA 96002
(40.577075462000494, -122.35787107799968)"
190,49249,"E-Medical Supplies, Inc.",,04/07/2015,(888) 814-6639,18835 Lower Sacramento Rd.,Woodbridge,CA,95258,"18835 Lower Sacramento Rd.
Woodbridge, CA 95258
(38.153248748000465, -121.3010825079997)"
191,49328,FCMS Corporation,First Choice Medical Supply,04/04/2015,(661) 325-5331,1400 Easton Dr. # 121,Bakersfield,CA,93309,"1400 Easton Dr. # 121
Bakersfield, CA 93309
(35.36988667400044, -119.04523850599969)"
192,49346,Curecare Home Medical Equipment & Supplies Inc.,,04/07/2015,(562) 697-5727,"631 S. Palm, Unit I",La Habra,CA,90631,"631 S. Palm, Unit I
La Habra, CA 90631
(33.92555528300045, -117.92441340999972)"
193,49358,Gateway Healthcare Products Inc.,,03/28/2015,(408) 735-7444,112 East Fremont Ave.,Sunnyvale,CA,94087,"112 East Fremont Ave.
Sunnyvale, CA 94087
(37.35202341600046, -122.03158884899972)"
194,49361,"Unicare Diagnostics, Inc.","Unicare Health Services, BreathRite Pharmacy",04/11/2015,(805) 375-0033,3271 Grande Vista Drive,Newbury Park,CA,91320,"3271 Grande Vista Drive
Newbury Park, CA 91320
(34.19266547900048, -118.9446108519997)"
195,49403,Hoveround Corporation,,04/16/2015,(800) 771-6565,351 W. Cromwell Ave. # 102,Fresno,CA,93722,"351 W. Cromwell Ave. # 102
Fresno, CA 93722
(36.84754423500044, -119.79784454199972)"
196,49424,Apria Healthcare LLC,,05/14/2015,(530) 273-7237,12981 Loma Rica Drive,Grass Valley,CA,95945,"12981 Loma Rica Drive
Grass Valley, CA 95945
(39.22153001200047, -121.00287279499969)"
197,49440,"Pulmonary Solutions, LLC",,08/14/2015,(877) 290-8636,"1500 41st Ave., Suite 258",Capitola,CA,95010,"1500 41st Ave., Suite 258
Capitola, CA 95010
(36.97181070500045, -121.9648243689997)"
198,100001,Geoffrey N. Gipson,Valley Medical Supply,12/27/2014,(530) 895-3923,1378 Longfellow Avenue,Chico,CA,95926,"1378 Longfellow Avenue
Chico, CA 95926
(39.751991371000486, -121.8249259539997)"
199,100004,Homox Corporation,Homox Medical Equipment,01/30/2015,(626) 918-3211,1643 North Hacienda Boulevard,La Puente,CA,91744,"1643 North Hacienda Boulevard
La Puente, CA 91744
(34.049092862000464, -117.94555950799969)"
200,100008,"Alpha Respiratory, Inc.","Lincare, Inc.",10/01/2015,(530) 223-2080,"1620 East Cypress Avenue, Suite 12",Redding,CA,96002,"1620 East Cypress Avenue, Suite 12
Redding, CA 96002
(40.57103789500047, -122.34138903399969)"
201,100010,Entech Medical Corporation,,01/01/2015,(909) 596-6785,1910 D Street,La Verne,CA,91750,"1910 D Street
La Verne, CA 91750
(34.09704698100046, -117.77149157799971)"
202,100013,"Antioch Medical & Hospital Supply, Inc.",,12/01/2014,(925) 757-4099,306 G Street,Antioch,CA,94509,"306 G Street
Antioch, CA 94509
(38.0159601310005, -121.81380412999971)"
203,100025,"Shield CA Health Care Centers, Inc.",,04/01/2015,(800) 372-6205,9520 Norwalk Boulevard,Santa Fe Springs,CA,90670,"9520 Norwalk Boulevard
Santa Fe Springs, CA 90670
(33.95250146800049, -118.0723286549997)"
204,100027,"Ron Andrews Medical Co., Inc.",,02/01/2015,(415) 492-1770,117 Carlos Drive,San Rafael,CA,94903,"117 Carlos Drive
San Rafael, CA 94903
(38.016849693000495, -122.5353146059997)"
205,100029,"A V Pulmonary Care, Inc.",,05/01/2015,(661) 942-9995,340 West Milling Street,Lancaster,CA,93534,"340 West Milling Street
Lancaster, CA 93534
(34.69682551200049, -118.13401443099968)"
206,100034,"Brannon's Rentals & Sales, Inc.",Brannon's Medical,04/01/2015,(408) 448-3000,2052 Lincoln Avenue,San Jose,CA,95125,"2052 Lincoln Avenue
San Jose, CA 95125
(37.29323860700049, -121.88995382499968)"
207,100036,Comfort Care Medical Products,,04/01/2015,(323) 666-0414,"5220 Santa Monica Boulevard, Suite D",Los Angeles,CA,90029,"5220 Santa Monica Boulevard, Suite D
Los Angeles, CA 90029
(34.090773200000456, -118.30404935999968)"
208,100048,"Wichita Home Care Equipment, Inc.",Home Med-Equip Co.,12/01/2014,(925) 680-0638,"5046 Commercial Circle, Suite G",Concord,CA,94520,"5046 Commercial Circle, Suite G
Concord, CA 94520
(38.017495244000486, -122.03189906299968)"
209,100064,"Braden Partners, L.P.",Pacific Pulmonary Services,12/01/2015,(661) 861-6160,"3101 N. Sillect Avenue, Suite 106",Bakersfield,CA,93308,"3101 N. Sillect Avenue, Suite 106
Bakersfield, CA 93308
(35.38662472000044, -119.03842621599972)"
210,100078,"Home Medix, Inc.",,08/01/2015,(562) 595-1153,3811 Atlantic Avenue,Long Beach,CA,90807,"3811 Atlantic Avenue
Long Beach, CA 90807
(33.82720546000047, -118.18511153699967)"
211,100084,Golden Valley Medical & Oxygen Service,,06/01/2015,(909) 884-0445,424 West Highland Avenue,San Bernardino,CA,92405,"424 West Highland Avenue
San Bernardino, CA 92405
(34.13600832700047, -117.29244963199972)"
212,100087,"Calox, Inc.",,04/01/2015,(323) 255-5175,3034 Fierro Street,Los Angeles,CA,90065,"3034 Fierro Street
Los Angeles, CA 90065
(34.120513049000465, -118.25061965299972)"
213,100098,"Braden Partners, L.P.",Pacific Pulmonary Services,01/01/2015,(530) 342-1000,"2961 Highway 32, Suite 18",Chico,CA,95973,"2961 Highway 32, Suite 18
Chico, CA 95973
(39.74703425400048, -121.8950906979997)"
214,100100,R & C Corporation,Puritan Medical Equipment & Supplies,02/20/2015,(626) 335-0842,1728 South Bonnie Cove Avenue,Glendora,CA,91740,"1728 South Bonnie Cove Avenue
Glendora, CA 91740
(34.10818237400048, -117.85504516599968)"
215,100105,"Pico Medical Rents & Sells, Inc.",,08/03/2015,(323) 936-4104,6035 West Pico Boulevard,Los Angeles,CA,90035,"6035 West Pico Boulevard
Los Angeles, CA 90035
(34.052487484000494, -118.3716641049997)"
216,100109,MYT Home Health Care Inc.,South Bay Home Health Care,01/01/2015,(310) 618-9555,1349 El Prado Avenue,Torrance,CA,90501,"1349 El Prado Avenue
Torrance, CA 90501
(33.834581511000465, -118.3164566539997)"
217,100110,John L. Privett,All Medical Supply,10/01/2014,(661) 322-1496,"2001 Westwind Drive, Suite 15",Bakersfield,CA,93301,"2001 Westwind Drive, Suite 15
Bakersfield, CA 93301
(35.37703082200045, -119.04253294799969)"
218,100113,"Homecare Service Specialist, Inc.",,11/26/2014,(818) 265-0424,328 North Orange Street,Glendale,CA,91203,"328 North Orange Street
Glendale, CA 91203
(34.151011036000455, -118.25637600499971)"
219,100118,Apria Healthcare LLC,,01/01/2015,(530) 673-5513,"990 Klamath Lane, Suite 11",Yuba City,CA,95993,"990 Klamath Lane, Suite 11
Yuba City, CA 95993
(39.13961004800046, -121.65166425099972)"
220,100119,Apria Healthcare LLC,,04/01/2015,(559) 732-6040,1526 E Mineral King Avenue,Visalia,CA,93292,"1526 E Mineral King Avenue
Visalia, CA 93292
(36.32737181700048, -119.27656655199968)"
221,100120,Apria Healthcare LLC,,04/01/2015,(707) 444-8022,1735 2nd Street,Eureka,CA,95501,"1735 2nd Street
Eureka, CA 95501
(40.806387998000446, -124.15273686899968)"
222,100122,Apria Healthcare LLC,,01/01/2015,(707) 464-4242,630 G Street,Crescent City,CA,95531,"630 G Street
Crescent City, CA 95531
(41.75398884300046, -124.20091261899972)"
223,100123,Apria Healthcare LLC,,04/01/2015,(707) 468-9242,221 E. Gobbi Street,Ukiah,CA,95482,"221 E. Gobbi Street
Ukiah, CA 95482
(39.14425289400049, -123.2017831119997)"
224,100124,Apria Healthcare LLC,,07/01/2015,(530) 891-5226,"3028 Esplanade, Suite G",Chico,CA,95973,"3028 Esplanade, Suite G
Chico, CA 95973
(39.76476211000045, -121.8693579399997)"
225,100126,"Metro-Med, Inc.",,11/26/2014,(818) 840-9090,1701 North San Fernando Boulevard,Burbank,CA,91504,"1701 North San Fernando Boulevard
Burbank, CA 91504
(34.191543701000455, -118.3253089589997)"
226,100132,"Lincare, Inc.",,03/01/2015,(530) 755-0200,"990 Klamath Lane, Suite 25",Yuba City,CA,95993,"990 Klamath Lane, Suite 25
Yuba City, CA 95993
(39.13961004800046, -121.65166425099972)"
227,100133,Professional Medical and Welding Supply Inc.,Professional Medical Supply,12/01/2014,(619) 449-0400,700 North Marshall Avenue,El Cajon,CA,92020,"700 North Marshall Avenue
El Cajon, CA 92020
(32.80463080600049, -116.9755525439997)"
228,100137,"Acology Home Healthcare, Inc.",,06/01/2015,(310) 260-9633,1414 Wilshire Boulevard,Santa Monica,CA,90403,"1414 Wilshire Boulevard
Santa Monica, CA 90403
(34.027107325000486, -118.48843058299968)"
229,100140,"MLC Medical Marketing Group, Inc.",,04/01/2015,(626) 335-5418,"626 West Route 66, Suite C",Glendora,CA,91740,"626 West Route 66, Suite C
Glendora, CA 91740
(34.128644592000455, -117.87618123199968)"
230,100143,Apria Healthcare LLC,,07/01/2015,(805) 983-0926,"2150 Trabajo Drive, Suite B",Oxnard,CA,93030,"2150 Trabajo Drive, Suite B
Oxnard, CA 93030
(34.22102388100046, -119.12442566399972)"
231,100145,Apria Healthcare LLC,,10/01/2014,(831) 655-4090,"1 Lower Ragsdale Dr. Bldg. #3, Suite 600",Monterey,CA,93940,"1 Lower Ragsdale Dr. Bldg. #3, Suite 600
Monterey, CA 93940
(36.57771308200046, -121.81952866499972)"
232,100147,Apria Healthcare LLC,,04/01/2015,(925) 827-8800,4095 Pike Lane,Concord,CA,94520,"4095 Pike Lane
Concord, CA 94520
(38.01100301500048, -122.03318591099969)"
233,100148,Apria Healthcare LLC,,06/01/2015,(661) 949-3447,43301 Division Street Suite 312,Lancaster,CA,93535,"43301 Division Street Suite 312
Lancaster, CA 93535
(34.66952056800045, -118.13020229799969)"
234,100149,Apria Healthcare LLC,,05/01/2015,(650) 588-9744,480 Carlton Court,South San Francisco,CA,94080,"480 Carlton Court
South San Francisco, CA 94080
(37.657467975000486, -122.39331661299968)"
235,100150,Apria Healthcare LLC,,05/01/2015,(760) 241-4488,"14464 Atstar Drive, Suite 101/102",Victorville,CA,92395,"14464 Atstar Drive, Suite 101/102
Victorville, CA 92395
(34.51274225700047, -117.31856955599972)"
236,100151,Apria Healthcare LLC,,05/23/2015,(408) 383-4400,2040 Corporate Court,San Jose,CA,95131,"2040 Corporate Court
San Jose, CA 95131
(37.393735621000474, -121.8970942679997)"
237,100155,Apria Healthcare LLC,,07/01/2015,(707) 543-0979,"3636 North Laughlin Road, Suite 190",Santa Rosa,CA,95403,"3636 North Laughlin Road, Suite 190
Santa Rosa, CA 95403
(38.51005512600045, -122.80026742399968)"
238,100178,"Vital Enterprises, Inc.",Memorial Home Medical Equipment,02/01/2015,(209) 339-7610,"1115 South Fairmont Avenue, Suite 1",Lodi,CA,95240,"1115 South Fairmont Avenue, Suite 1
Lodi, CA 95240
(38.11987981900046, -121.28582399199968)"
239,100184,Apria Healthcare LLC,,02/01/2015,(209) 548-4400,4400 Sisk Road,Modesto,CA,95356,"4400 Sisk Road
Modesto, CA 95356
(37.702395443000455, -121.07266453199969)"
240,100188,C & S Medical Inc.,Valley Healthcare Supply,04/01/2015,(209) 725-1200,359 West Main Street,Merced,CA,95340,"359 West Main Street
Merced, CA 95340
(37.30081716500047, -120.48159926999972)"
241,100196,Rehab Solutions,,09/06/2014,(949) 553-0263,16520 Aston Street,Irvine,CA,92606,"16520 Aston Street
Irvine, CA 92606
(33.70257982700048, -117.84142779999968)"
242,100201,Astgik Soghomonian,Sanger Medical Supplies,12/01/2014,(559) 876-2551,1348 7th Street,Sanger,CA,93657,"1348 7th Street
Sanger, CA 93657
(36.70642756900048, -119.55700257999968)"
243,100210,Broadway Medical Service & Supply Inc.,,10/01/2014,(707) 442-3719,1034 Broadway,Eureka,CA,95501,"1034 Broadway
Eureka, CA 95501
(40.79670767900046, -124.17541838399973)"
244,100215,Premier Medical Supply,,03/01/2015,(209) 537-2882,"2800 Mitchell Road, Suite F",Ceres,CA,95307,"2800 Mitchell Road, Suite F
Ceres, CA 95307
(37.59146326300049, -120.93875444199972)"
245,100217,Intracommunity Home Care Inc.,,08/01/2015,(818) 500-9014,610 South Glendale Avenue,Glendale,CA,91205,"610 South Glendale Avenue
Glendale, CA 91205
(34.13959883700045, -118.25062957499972)"
246,100220,Enloe Medical Center,Enloe Home Medical Equipment,02/01/2015,(530) 332-6086,"1390 East Lassen Avenue, Suite 6",Chico,CA,95973,"1390 East Lassen Avenue, Suite 6
Chico, CA 95973
(39.77298825100047, -121.83908058299971)"
247,100225,"Lincare, Inc.",,08/03/2015,(530) 529-4141,344 South Main Street,Red Bluff,CA,96080,"344 South Main Street
Red Bluff, CA 96080
(40.16763668800047, -122.22821175599972)"
248,100230,"Lincare, Inc.",,12/06/2014,(530) 257-7513,1545 Paul Bunyan Road Building A,Susanville,CA,96130,"1545 Paul Bunyan Road Building A
Susanville, CA 96130
(40.42211215700047, -120.64820002699969)"
249,100231,"Lincare, Inc.",,11/09/2014,(805) 485-8248,"1851 Holser Walk, Suite 215",Oxnard,CA,93036,"1851 Holser Walk, Suite 215
Oxnard, CA 93036
(34.220237823000446, -119.15408880699971)"
250,100232,"United Medical Supplies, Inc.",,01/01/2015,(818) 718-2811,8811 Shirley Avenue,Northridge,CA,91324,"8811 Shirley Avenue
Northridge, CA 91324
(34.230081940000446, -118.5579541089997)"
251,100234,"Lincare, Inc.",,11/09/2014,(714) 220-6420,"10571 Calle Lee, Suite 155",Los Alamitos,CA,90720,"10571 Calle Lee, Suite 155
Los Alamitos, CA 90720
(33.809110586000486, -118.05736195599968)"
252,100242,"Lincare, Inc.",,11/09/2014,(661) 833-3333,"4300 Stine Road, Suite 603",Bakersfield,CA,93313,"4300 Stine Road, Suite 603
Bakersfield, CA 93313
(35.31504036400048, -119.05655621799968)"
253,100243,"Lincare, Inc.",,09/01/2015,(805) 922-8466,"427 West Betteravia, Suite B",Santa Maria,CA,93455,"427 West Betteravia, Suite B
Santa Maria, CA 93455
(34.920438000000445, -120.4408891539997)"
254,100259,Sherman Oaks Medical Supplies,,04/01/2015,(818) 981-9906,4840 Van Nuys Boulevard,Sherman Oaks,CA,91403,"4840 Van Nuys Boulevard
Sherman Oaks, CA 91403
(34.15881083200048, -118.44867570799971)"
255,100282,Medcare Supply Company,Medcare Supply Company,12/05/2014,(818) 342-1306,18619 Ventura Boulevard,Tarzana,CA,91356,"18619 Ventura Boulevard
Tarzana, CA 91356
(34.170063421000464, -118.53913095599972)"
256,100302,"Medical Systems Home Health Care, Inc.",Resp Air,11/09/2014,(714) 444-0471,"17150 Euclid Street, Suite 306",Fountain Valley,CA,92708,"17150 Euclid Street, Suite 306
Fountain Valley, CA 92708
(33.714162822000446, -117.93698434099969)"
257,100318,"Braden Partners, LP",Pacific Pulmonary Services,07/01/2015,(530) 224-9334,3078 Crossroads Drive,Redding,CA,96003,"3078 Crossroads Drive
Redding, CA 96003
(40.560885166000446, -122.2975634719997)"
258,100325,Technomed Homecare Inc.,THI Home Medical Equipment,08/01/2014,(951) 672-2829,27188 Sun City Boulevard,Sun City,CA,92586,"27188 Sun City Boulevard
Sun City, CA 92586
(33.71218870500047, -117.19361842099971)"
259,100331,"Owens Healthcare-Medical Equipment, Inc.",,09/01/2015,(530) 339-7950,"2025 Court Street, Suite C",Redding,CA,96001,"2025 Court Street, Suite C
Redding, CA 96001
(40.57817397500048, -122.39354822199971)"
260,100334,"Reece Homecare Services, Inc.",,01/01/2015,(661) 323-1843,"4000 Easton Drive, Suite 10",Bakersfield,CA,93309,"4000 Easton Drive, Suite 10
Bakersfield, CA 93309
(35.36990856800048, -119.04873913799969)"
261,100335,"Life-Care Home Health & Medical Supplies, Inc.",,09/01/2014,(310) 479-0094,11843 Wilshire Boulevard,Los Angeles,CA,90025,"11843 Wilshire Boulevard
Los Angeles, CA 90025
(34.047392094000486, -118.46352977299972)"
262,100347,"Metro-Med, Inc.",,10/01/2014,(714) 761-9761,"10841 Noel Street, Suite 108 & 103",Los Alamitos,CA,90720,"10841 Noel Street, Suite 108 &amp; 103
Los Alamitos, CA 90720
(33.79895242700047, -118.06819999099969)"
263,100357,"Ashley Medical, Inc.",,10/01/2014,(619) 297-1983,1515 Washington Street,San Diego,CA,92103,"1515 Washington Street
San Diego, CA 92103
(32.75213515200045, -117.1490182009997)"
264,100368,"Lincare, Inc.",,02/01/2015,(559) 585-3530,308 West Lacey Boulevard,Hanford,CA,93230,"308 West Lacey Boulevard
Hanford, CA 93230
(36.32805925200046, -119.6495132289997)"
265,100376,"G.V. Medical Equipment & Supply, Inc.",,01/01/2015,(310) 542-6575,21032 Hawthorne Boulevard,Torrance,CA,90503,"21032 Hawthorne Boulevard
Torrance, CA 90503
(33.83927228800047, -118.35361123399969)"
266,100381,"Medical Marts of Calif., Inc.",Bischoff's Medical & Mobility,11/01/2014,(408) 286-6651,225 North Bascom Avenue,San Jose,CA,95128,"225 North Bascom Avenue
San Jose, CA 95128
(37.327487879000444, -121.93211351199972)"
267,100382,"Centennial Medical Equipment, Inc.",Valley Oxygen & Medical Equipment,03/01/2015,(707) 526-4675,"3181 Cleveland Avenue, Suite F",Santa Rosa,CA,95403,"3181 Cleveland Avenue, Suite F
Santa Rosa, CA 95403
(38.47172676700046, -122.73042011499967)"
268,100422,"American Medical & Equipment Supply, Inc",,06/01/2015,(408) 559-5800,3725 Union Avenue,San Jose,CA,95124,"3725 Union Avenue
San Jose, CA 95124
(37.25948020600049, -121.9313933359997)"
269,100424,Sunland Medical Supply,,08/01/2015,(818) 352-9880,"8530 Foothill Boulevard, Suite E",Sunland,CA,91040,"8530 Foothill Boulevard, Suite E
Sunland, CA 91040
(34.259673516000476, -118.31860959299968)"
270,100426,"Desert Medical Equipment, Inc.",,07/01/2015,(760) 247-2903,"13630 Pawnee Road, Bldg. 1, Unit 4",Apple Valley,CA,92307,"13630 Pawnee Road, Bldg. 1, Unit 4
Apple Valley, CA 92307
(34.49913416500044, -117.18644515299968)"
271,100436,"Braden Partners, L.P.",Pacific Pulmonary Services,11/01/2015,(562) 981-3891,"2698 Junipero Avenue, Suite 111",Signal Hill,CA,90755,"2698 Junipero Avenue, Suite 111
Signal Hill, CA 90755
(33.805921069000476, -118.16324628399968)"
272,100440,"Metro-Med, Inc.","Metro-Med, Inc. - Ventura",08/01/2015,(805) 639-0202,"4464 Mc Grath Street, Suite 121",Ventura,CA,93003,"4464 Mc Grath Street, Suite 121
Ventura, CA 93003
(34.25437302000046, -119.23332777099972)"
273,100443,"Mobility Solutions, Inc.",,05/01/2015,(858) 278-0591,"7895 Convoy Court, Suite 11",San Diego,CA,92111,"7895 Convoy Court, Suite 11
San Diego, CA 92111
(32.83455441300049, -117.14992274199972)"
274,100453,"Life Medical Home Care Services, Inc.",,03/27/2015,(562) 904-1000,8051 Imperial Hwy.,Downey,CA,90242,"8051 Imperial Hwy.
Downey, CA 90242
(33.92331554100048, -118.15043636699971)"
275,100454,Technician Support Services Industry,TSSI,08/01/2014,(619) 644-2170,"7200 Parkway Drive, Suite 104",La Mesa,CA,91942,"7200 Parkway Drive, Suite 104
La Mesa, CA 91942
(32.77300758500047, -117.0421555849997)"
276,100455,Apria Healthcare LLC,,11/27/2014,(209) 475-6860,"220 Scottsville Blvd., Suite A",Jackson,CA,95642,"220 Scottsville Blvd., Suite A
Jackson, CA 95642
(38.336779900000465, -120.75548563599972)"
277,100458,Yosemite Medical Supply,,04/01/2015,(209) 742-6224,"5034 Coakley Circle Drive, Suite 104",Mariposa,CA,95338,"5034 Coakley Circle Drive, Suite 104
Mariposa, CA 95338
(37.48898939400044, -119.97184247099972)"
278,100495,"Braden Partners, L.P.",Pacific Pulmonary Services,02/01/2015,(760) 371-4350,919 East Ridgecrest Boulevard,Ridgecrest,CA,93555,"919 East Ridgecrest Boulevard
Ridgecrest, CA 93555
(35.62244310700049, -117.65149160699968)"
279,100508,Wishing U Well Medical Inc.,,03/01/2015,(818) 832-4177,17507 Chatsworth Street,Granada Hills,CA,91344,"17507 Chatsworth Street
Granada Hills, CA 91344
(34.26489106200046, -118.51564511199967)"
280,100528,Omni Medical,,05/01/2015,(949) 598-8419,"9272 Jeronimo Road, Suite 120",Irvine,CA,92618,"9272 Jeronimo Road, Suite 120
Irvine, CA 92618
(33.65159827000048, -117.7206294879997)"
281,100533,Whittier Medical Homecare Supply,,06/01/2015,(562) 945-5556,12633 East Whittier Boulevard,Whittier,CA,90602,"12633 East Whittier Boulevard
Whittier, CA 90602
(33.967545878000465, -118.04037616899967)"
282,100537,"Amerasian Medical Supply Co., Inc.",Zenaida N. Bailon,07/01/2015,(408) 937-0166,1668 Alum Rock Avenue,San Jose,CA,95116,"1668 Alum Rock Avenue
San Jose, CA 95116
(37.35222420000048, -121.85667290099968)"
283,100539,"Lincare, Inc.",,09/01/2015,(805) 543-2665,"2945 Mc Millan Avenue, Suite 144",San Luis Obispo,CA,93401,"2945 Mc Millan Avenue, Suite 144
San Luis Obispo, CA 93401
(35.26335015400048, -120.64820308899971)"
284,100563,Wishing Well Products Inc.,Bay Area Medical,10/01/2014,(310) 829-1777,2314 Santa Monica Boulevard,Santa Monica,CA,90404,"2314 Santa Monica Boulevard
Santa Monica, CA 90404
(34.03104884700048, -118.47705032199968)"
285,100576,"Pulmocare Respiratory Services, Inc.",,05/01/2015,(909) 777-5000,"760 South Via Lata Avenue, Suite 100",Colton,CA,92324,"760 South Via Lata Avenue, Suite 100
Colton, CA 92324
(34.061303858000485, -117.3200465279997)"
286,100608,San Diego Homecare Supplies,,08/30/2015,(619) 667-3700,7846 Broadway,Lemon Grove,CA,91945,"7846 Broadway
Lemon Grove, CA 91945
(32.742808582000464, -117.0295496219997)"
287,100633,"Home Again Medical, Inc.",Douglas J. Olsen,07/01/2015,(916) 773-5959,200 Derek Place,Roseville,CA,95678,"200 Derek Place
Roseville, CA 95678
(38.76458379900049, -121.29683058899968)"
288,100646,"Mountain View Services, Inc.",,02/01/2015,(909) 335-8121,625 Amigos Drive,Redlands,CA,92373,"625 Amigos Drive
Redlands, CA 92373
(34.06115871600048, -117.22325554499969)"
289,100669,Sherian L. Prince,Pacific Medical Supply,09/01/2014,(707) 769-9606,"620 Petaluma Boulevard N, Suite A",Petaluma,CA,94952,"620 Petaluma Boulevard N, Suite A
Petaluma, CA 94952
(38.24146974900049, -122.64370629999968)"
290,100676,"United Oxygen Services, Inc.",,10/01/2014,(760) 346-0234,74304 Highway 111,Palm Desert,CA,92260,"74304 Highway 111
Palm Desert, CA 92260
(33.72153424500044, -116.36820548499969)"
291,100678,"ITC Medical Supplies, Inc.",,10/01/2014,(415) 661-4900,1235 Noriega Street,San Francisco,CA,94122,"1235 Noriega Street
San Francisco, CA 94122
(37.75417109400047, -122.47696638999969)"
292,100685,Harbor Medical Supply,,10/01/2014,(916) 372-8766,2917 West Capitol Avenue,West Sacramento,CA,95691,"2917 West Capitol Avenue
West Sacramento, CA 95691
(38.57913337700046, -121.55019402499971)"
293,100711,"Adlife Medical Supply & Equipment, Inc.",,02/01/2015,(562) 809-0281,"11436 Artesia Boulevard, Suite C",Artesia,CA,90701,"11436 Artesia Boulevard, Suite C
Artesia, CA 90701
(33.87290321100045, -118.08980905899972)"
294,100742,KCK Industries,KCK Medical,07/11/2015,(818) 997-8574,"14941 Calvert Street, Suite A",Van Nuys,CA,91411,"14941 Calvert Street, Suite A
Van Nuys, CA 91411
(34.18121073700047, -118.4582940249997)"
295,100761,Craft Wheelchair Repair,,06/19/2015,(323) 931-6164,5515 West San Vicente Boulevard,Los Angeles,CA,90019,"5515 West San Vicente Boulevard
Los Angeles, CA 90019
(34.05384536900044, -118.35390588599972)"
296,100778,"San Mateo Wheelchairs, Inc.",Wheelchair of San Mateo,11/01/2014,(650) 342-4864,"808 Burlway Road, Suite 7",Burlingame,CA,94010,"808 Burlway Road, Suite 7
Burlingame, CA 94010
(37.595861228000444, -122.36594185499968)"
297,100814,"National Seating & Mobility, Inc.",,03/01/2015,(818) 718-1771,21807 Plummer Street,Chatsworth,CA,91311,"21807 Plummer Street
Chatsworth, CA 91311
(34.24275492100048, -118.60312233999969)"
298,100846,Special Needs,,11/01/2014,(858) 578-9923,"10675 Treena Street, Suite 102",San Diego,CA,92131,"10675 Treena Street, Suite 102
San Diego, CA 92131
(32.911961249000456, -117.11381714399971)"
299,100847,Millbrae Medical Supply Inc.,,09/01/2015,(650) 593-2188,"425 Old County Road, Suite C",Belmont,CA,94002,"425 Old County Road, Suite C
Belmont, CA 94002
(37.52568380800045, -122.28118115699971)"
300,100849,JR Medical Inc.,,08/01/2015,(949) 955-2920,"18003 Sky Park Circle, Suite H",Irvine,CA,92614,"18003 Sky Park Circle, Suite H
Irvine, CA 92614
(33.68792510700047, -117.8560387339997)"
301,100859,"Hil-Rom Company, Inc.",,02/28/2015,(323) 266-6766,5516 Bandini Boulevard,Bell,CA,90201,"5516 Bandini Boulevard
Bell, CA 90201
(33.99590222900048, -118.1680790849997)"
302,100916,LEC Home Care Medical,,09/01/2014,(714) 821-4298,10732 Los Vaqueros Circle,Los Alamitos,CA,90720,"10732 Los Vaqueros Circle
Los Alamitos, CA 90720
(33.80888710700049, -118.05943244299971)"
303,100927,"National Seating  & Mobility, Inc.",,03/01/2015,(714) 939-9322,1125 East Stanford Court,Anaheim,CA,92805,"1125 East Stanford Court
Anaheim, CA 92805
(33.79865708500046, -117.89476577299968)"
304,100943,"Health-O-Med, Inc.",,08/01/2015,(323) 654-6890,7606 Santa Monica Boulevard,Los Angeles,CA,90046,"7606 Santa Monica Boulevard
Los Angeles, CA 90046
(34.09076594500044, -118.35550628199968)"
305,100945,Discount Medical,,07/01/2015,(951) 343-1082,6570 Magnolia Avenue,Riverside,CA,92506,"6570 Magnolia Avenue
Riverside, CA 92506
(33.95403422200047, -117.39610314199967)"
306,100957,Echmed Medical Supply,,08/02/2015,(323) 666-8932,3060 Glendale Boulevard,Los Angeles,CA,90039,"3060 Glendale Boulevard
Los Angeles, CA 90039
(34.11575812600046, -118.2628898529997)"
307,100959,ITC Medical Supplies Inc.,,05/01/2015,(415) 387-7100,4373 Geary Boulevard,San Francisco,CA,94118,"4373 Geary Boulevard
San Francisco, CA 94118
(37.78085315900046, -122.46605901199968)"
308,100960,Beach Cities Home Health Care,,07/01/2015,(310) 937-3650,401 Torrance Boulevard,Redondo Beach,CA,90277,"401 Torrance Boulevard
Redondo Beach, CA 90277
(33.83816767500048, -118.38402578399968)"
309,100973,Eagle Medical Supply,,08/03/2015,(818) 559-6390,922 1/2 South San Fernando Boulevard,Burbank,CA,91502,"922 1/2 South San Fernando Boulevard
Burbank, CA 91502
(34.17468576400046, -118.30019367999972)"
310,100982,Arsenio Medical Supply,,08/02/2015,(818) 500-9469,"1259 South Glendale Avenue, Suite B",Glendale,CA,91205,"1259 South Glendale Avenue, Suite B
Glendale, CA 91205
(34.13009596900048, -118.25255158199968)"
311,100993,"Core Medical Products, Inc.",,07/01/2015,(909) 478-9728,"24769 Redlands Boulevard, Suite F",Loma Linda,CA,92354,"24769 Redlands Boulevard, Suite F
Loma Linda, CA 92354
(34.06303316700047, -117.26524886699968)"
312,100996,Fremont Uniform & Medical Supply,Fremont Medical Supply,11/01/2014,(510) 791-5586,644 Mowry Avenue,Fremont,CA,94536,"644 Mowry Avenue
Fremont, CA 94536
(37.56707607600049, -121.9735057799997)"
313,101033,Brandi Paris,Vital Medical,03/12/2015,(714) 435-1904,"20351 Irvine Avenue, Suite C-6",Newport Beach,CA,92660,"20351 Irvine Avenue, Suite C-6
Newport Beach, CA 92660
(33.661836021000454, -117.87558563999971)"
314,101037,"Pico Healthcare, Inc.",,10/01/2014,(310) 246-2326,8827 West Pico Boulevard,Los Angeles,CA,90035,"8827 West Pico Boulevard
Los Angeles, CA 90035
(34.054928017000464, -118.38438414399968)"
315,101046,U.C. Medical Supply,,11/01/2014,(323) 876-3407,"3535 Cahuenga Boulevard, Suite 203",Los Angeles,CA,90068,"3535 Cahuenga Boulevard, Suite 203
Los Angeles, CA 90068
(34.13352631200047, -118.35718453199968)"
316,101057,Marcar Shadarevian,Verdugo Medical Supplies,12/05/2014,(818) 244-5497,304 North Verdugo Road Suite B,Glendale,CA,91206,"304 North Verdugo Road Suite B
Glendale, CA 91206
(34.15007884000045, -118.23608777899972)"
317,101072,Vartan Minasyan,The Bee Medical Supply,12/05/2014,(916) 638-2363,"11082 Coloma Road, Suite 10",Rancho Cordova,CA,95670,"11082 Coloma Road, Suite 10
Rancho Cordova, CA 95670
(38.61764367000046, -121.27306592799971)"
318,101078,"Star Medical & Surgical Supplies, Inc.",,10/31/2014,(323) 656-9921,7768 Santa Monica Boulevard,West Hollywood,CA,90046,"7768 Santa Monica Boulevard
West Hollywood, CA 90046
(34.09079278900049, -118.3589290859997)"
319,101089,Residential Medical Service,,10/01/2014,(510) 553-9159,"7200 Bancroft Avenue, Suite 128",Oakland,CA,94605,"7200 Bancroft Avenue, Suite 128
Oakland, CA 94605
(37.76646799000048, -122.17767335799971)"
320,101092,Ovik Avetisyan,AEG Medical Supply,08/01/2015,(323) 666-9410,5068 Hollywood Boulevard,Los Angeles,CA,90027,"5068 Hollywood Boulevard
Los Angeles, CA 90027
(34.10172333400044, -118.30030905399968)"
321,101096,Aram Karageozyan,Infiniti Medical Supply,08/01/2015,(562) 861-6232,"5863 East Imperial Hwy., Suite E",South Gate,CA,90280,"5863 East Imperial Hwy., Suite E
South Gate, CA 90280
(33.92954089700049, -118.1648350699997)"
322,101135,Jacksons Med. Services & Equip.,,08/01/2015,(510) 222-1075,2930 B Hilltop Mall Road,Richmond,CA,94806,"2930 B Hilltop Mall Road
Richmond, CA 94806
(37.973998691000475, -122.3392361169997)"
323,101153,Aamcare Electropedic,Electropedic Beds,07/01/2015,(818) 845-7488,907 North Hollywood Way,Burbank,CA,91505,"907 North Hollywood Way
Burbank, CA 91505
(34.16659415500044, -118.34641144299968)"
324,101174,Olympic Medical Supply & Equipment,,12/10/2014,(213) 389-5231,"3003 West Olympic Boulevard, Suite 205",Los Angeles,CA,90006,"3003 West Olympic Boulevard, Suite 205
Los Angeles, CA 90006
(34.05266703600046, -118.30026740399973)"
325,101175,Vine Medical Supplies,,11/01/2014,(323) 469-2255,7406 Santa Monica Boulevard,West Hollywood,CA,90046,"7406 Santa Monica Boulevard
West Hollywood, CA 90046
(34.09074388400046, -118.35141784099972)"
326,101183,RD Universal Med Supply,,10/01/2014,(323) 257-5535,"4448 Eagle Rock Boulevard, Suite A",Los Angeles,CA,90041,"4448 Eagle Rock Boulevard, Suite A
Los Angeles, CA 90041
(34.125501821000455, -118.21938545299969)"
327,101189,Canoga Medical Supplies,,08/02/2015,(818) 715-1173,"20050 Van Owen Street, Suite 1",Canoga Park,CA,91306,"20050 Van Owen Street, Suite 1
Canoga Park, CA 91306
(34.19376299600049, -118.57051913899971)"
328,101198,"ATG-WCI, INC",Numotion,01/02/2015,(209) 467-1173,"3137 Tomahawk Drive, Suite C",Stockton,CA,95205,"3137 Tomahawk Drive, Suite C
Stockton, CA 95205
(37.985765209000476, -121.25449077999968)"
329,101210,American Medical Specialties,American Surgical Corporation,05/31/2014,(909) 883-8900,103 East Highland Avenue,San Bernardino,CA,92404,"103 East Highland Avenue
San Bernardino, CA 92404
(34.13593342900049, -117.28470975499971)"
330,101224,Care Enterprises Medical Supply,,08/01/2014,(909) 514-1086,"1280 East Cooley Drive, Suite 27",Colton,CA,92324,"1280 East Cooley Drive, Suite 27
Colton, CA 92324
(34.05447286600048, -117.30694994699968)"
331,101238,Advanced Respiratory Medical Systems Inc,"ARMS, Inc.",10/01/2014,(323) 233-6843,"231 West Vernon Avenue, Suite 103",Los Angeles,CA,90037,"231 West Vernon Avenue, Suite 103
Los Angeles, CA 90037
(34.00384010600044, -118.2768295569997)"
332,101251,"Admiral Medical Supplies, LLC",,05/10/2015,(650) 697-0900,357 El Camino Real,Millbrae,CA,94030,"357 El Camino Real
Millbrae, CA 94030
(37.60181737200048, -122.39154670899973)"
333,101263,"J.I. Investments, Inc.",Integrated Medical Services,10/31/2014,(310) 212-6899,"22114 South Vermont Avenue,  Suite 101",Torrance,CA,90502,"22114 South Vermont Avenue, Suite 101
Torrance, CA 90502
(33.82658900500047, -118.2901812659997)"
334,101284,MiniMed Distribution Corp.,,09/13/2015,(800) 646-4633,18000 Devonshire Street,Northridge,CA,91325,"18000 Devonshire Street
Northridge, CA 91325
(34.25722125700048, -118.52526037399969)"
335,101292,"Duramed Homecare Services, Inc.",,10/31/2014,(626) 357-6109,861 Meridian Street,Duarte,CA,91010,"861 Meridian Street
Duarte, CA 91010
(34.12144132900045, -117.98691460199967)"
336,101293,Progressive Medical Industries Inc.,Total Diabetes Care and Medical Supp,10/31/2014,(310) 674-7528,310 East Florence Avenue,Inglewood,CA,90301,"310 East Florence Avenue
Inglewood, CA 90301
(33.96692018900046, -118.3511673159997)"
337,101305,Ruth Recalde,Aable Medical Product,10/31/2014,(650) 738-1223,"2309 Palmetto Avenue, Suite B",Pacifica,CA,94044,"2309 Palmetto Avenue, Suite B
Pacifica, CA 94044
(37.63114985800047, -122.49252462099969)"
338,101341,Secureline Inc.,Tri Sigma,11/06/2014,(818) 788-8558,5158 Van Nuys Boulevard,Sherman Oaks,CA,91403,"5158 Van Nuys Boulevard
Sherman Oaks, CA 91403
(34.16442124100047, -118.44867462699972)"
339,101383,Apria Healthcare LLC,,07/01/2015,(510) 346-4000,2476 Verna Court,San Leandro,CA,94577,"2476 Verna Court
San Leandro, CA 94577
(37.70703666000048, -122.1723879649997)"
340,101385,"Drake Medical Equipment Services, Inc.","Medical Equipment Services, Inc.",03/20/2015,(213) 989-0858,"1930 Wilshire Boulevard, Suite 902",Los Angeles,CA,90057,"1930 Wilshire Boulevard, Suite 902
Los Angeles, CA 90057
(34.05714385500045, -118.27427900699968)"
341,101398,"Welcome Medical Supplies, Inc.",,01/01/2015,(714) 530-5664,"9520 Garden Grove Boulevard, Suite 15",Garden Grove,CA,92844,"9520 Garden Grove Boulevard, Suite 15
Garden Grove, CA 92844
(33.77395331500048, -117.9661196719997)"
342,101407,"Lincare, Inc.",,05/02/2015,(831) 724-1211,"444 Airport Boulevard, Suite 105",Watsonville,CA,95076,"444 Airport Boulevard, Suite 105
Watsonville, CA 95076
(36.932115790000466, -121.78739267799972)"
343,101428,Apria Healthcare LLC,,05/06/2015,(951) 320-1100,1565 Eastwood Court,Riverside,CA,92507,"1565 Eastwood Court
Riverside, CA 92507
(33.99302859000045, -117.3448588659997)"
344,101464,A-1 Home Healthcare Inc.,,07/31/2015,(949) 498-1700,536 North El Camino Real,San Clemente,CA,92672,"536 North El Camino Real
San Clemente, CA 92672
(33.42993381700046, -117.6167144099997)"
345,101482,Accurate Medical Supply & Equipment,,07/31/2014,(909) 624-3261,4738 Brooks Street,Montclair,CA,91763,"4738 Brooks Street
Montclair, CA 91763
(34.061647967000454, -117.7018028819997)"
346,101534,Alpha Medical Supplies Inc.,,06/01/2015,(714) 516-2222,1827 East Chapman Avenue,Orange,CA,92867,"1827 East Chapman Avenue
Orange, CA 92867
(33.78785790000046, -117.83359919799972)"
347,101583,"ATG - Rehab Specialists, Inc.",Numotion,02/11/2015,(831) 724-5544,446 Westridge Drive,Watsonville,CA,95076,"446 Westridge Drive
Watsonville, CA 95076
(36.91119647500045, -121.78330597099972)"
348,101586,Attentive Care,,08/25/2014,(626) 288-0938,"306 North Garfield Avenue, Suite 11",Monterey Park,CA,91754,"306 North Garfield Avenue, Suite 11
Monterey Park, CA 91754
(34.06503122400045, -118.1228357599997)"
349,101699,Complete Care Medical Supply Inc.,,06/01/2015,(818) 986-9833,16756 Ventura Boulevard,Encino,CA,91436,"16756 Ventura Boulevard
Encino, CA 91436
(34.15864591500048, -118.49868188499971)"
350,101708,"Mobility Solutions, Inc.",,07/02/2015,(909) 824-2185,"1001 East Cooley Drive, Suite 104",Colton,CA,92324,"1001 East Cooley Drive, Suite 104
Colton, CA 92324
(34.05461035600047, -117.31104844699968)"
351,101754,"Gold Castle, Inc.",Easy Life Home Health Care Center,09/29/2014,(323) 666-0949,5230 Hollywood Boulevard,Hollywood,CA,90027,"5230 Hollywood Boulevard
Hollywood, CA 90027
(34.101731620000464, -118.3044754229997)"
352,101758,Apria Healthcare LLC,,08/15/2015,(707) 422-9901,"2339 Courage Drive, Suite G",Fairfield,CA,94533,"2339 Courage Drive, Suite G
Fairfield, CA 94533
(38.23462404300045, -122.07609227799969)"
353,101800,First Choice Medical Supply,First Choice Medical Supply,06/30/2015,(661) 951-0872,"45114 Trevor Avenue, Suite 101",Lancaster,CA,93534,"45114 Trevor Avenue, Suite 101
Lancaster, CA 93534
(34.70275583300048, -118.13435627399969)"
354,101878,Home Health Depot,,03/12/2015,(310) 891-1954,2059 Pacific Coast Highway,Lomita,CA,90717,"2059 Pacific Coast Highway
Lomita, CA 90717
(33.78953792700048, -118.31657927299972)"
355,101923,"Vision Quest Industries, Inc.",VQ Orthocare,06/24/2015,(949) 261-3000,18011 Mitchell Street,Irvine,CA,92614,"18011 Mitchell Street
Irvine, CA 92614
(33.69131627200045, -117.86340527099969)"
356,101937,"Johnston Orthopedic & Medical Supplies, Inc.",,04/30/2015,(510) 843-2488,2801 Shattuck Avenue,Berkeley,CA,94705,"2801 Shattuck Avenue
Berkeley, CA 94705
(37.85838444100045, -122.26686520699968)"
357,102068,Medical Supply Super Store,,04/03/2015,(951) 245-2235,"32245 Mission Trail Road, Suite D10",Lake Elsinore,CA,92530,"32245 Mission Trail Road, Suite D10
Lake Elsinore, CA 92530
(33.65559784000044, -117.2978284839997)"
358,102125,"Complete Total Care, Inc.",,06/19/2015,(818) 505-6980,12504 Magnolia Boulevard,North Hollywood,CA,91607,"12504 Magnolia Boulevard
North Hollywood, CA 91607
(34.164855770000486, -118.40582140099968)"
359,102186,Pearl Ventures,Pearl Medical Supply,08/17/2014,(909) 422-8005,1618 East Washington Street,Colton,CA,92324,"1618 East Washington Street
Colton, CA 92324
(34.048383938000484, -117.30048471099968)"
360,102189,"Super Care, Inc.",SuperCare,08/26/2015,(800) 206-4880,16017 Valley Boulevard,City of Industry,CA,91744,"16017 Valley Boulevard
City of Industry, CA 91744
(34.01552689300047, -117.95253887899969)"
361,102201,"Right Healthcare, Inc.",,11/20/2014,(661) 328-1614,"1121 West Columbus Street, Suite A",Bakersfield,CA,93301,"1121 West Columbus Street, Suite A
Bakersfield, CA 93301
(35.39809338100048, -119.01531950799972)"
362,102327,"Speedy Care Medical Distributors, Inc.",,12/28/2014,(323) 242-2018,8955 South Western Avenue,Los Angeles,CA,90047,"8955 South Western Avenue
Los Angeles, CA 90047
(33.95467028100046, -118.30905256799969)"
363,102386,Everything Pharmacy Related II Inc.,Total Remedy and Prescription Center,08/23/2015,(213) 481-1130,"1245 Wilshire Boulevard, 1st Floor Suite 117",Los Angeles,CA,90017,"1245 Wilshire Boulevard, 1st Floor Suite 117
Los Angeles, CA 90017
(34.05360635000045, -118.26614735399971)"
364,50291,"Kadence Healthcare, Inc.",,10/03/2014,(714) 220-0071,10840 Walker St.,Cypress,CA,90630,"10840 Walker St.
Cypress, CA 90630
(33.80639926600048, -118.03693660899972)"
365,102387,Tri County Mobility LLC,,04/30/2015,(805) 967-0070,"310 Pine Street, Suite A",Goleta,CA,93117,"310 Pine Street, Suite A
Goleta, CA 93117
(34.43449079900046, -119.82659619599968)"
366,102452,"H & H Drug Stores, Inc.",Western Drug Medical Supply,04/30/2015,(818) 956-6691,3604 San Fernando Road,Glendale,CA,91204,"3604 San Fernando Road
Glendale, CA 91204
(34.12079129400047, -118.2517288519997)"
367,102455,Declan Medical Equipment Inc.,Western Rehab,12/21/2014,(925) 313-5770,"825 Arnold Drive, Suite 112",Martinez,CA,94553,"825 Arnold Drive, Suite 112
Martinez, CA 94553
(37.99701777100046, -122.1144897639997)"
368,102496,"Braden Partners, L.P.",Pacific Pulmonary Services,01/18/2015,(209) 543-8612,"4140 Bangs Avenue, Suite A",Modesto,CA,95356,"4140 Bangs Avenue, Suite A
Modesto, CA 95356
(37.70445341800047, -121.07165974199972)"
369,102497,Alpine Home Medical,,01/18/2015,(562) 493-3910,13908 Seal Beach Boulevard,Seal Beach,CA,90740,"13908 Seal Beach Boulevard
Seal Beach, CA 90740
(33.76202769300045, -118.0777471559997)"
370,102505,Apria Healthcare LLC,,01/23/2015,(925) 245-2485,"410 Longfellow Street, Suite A",Livermore,CA,94550,"410 Longfellow Street, Suite A
Livermore, CA 94550
(37.703568465000444, -121.70487316799972)"
371,102511,Oxy Respiratory & Home Medical Equipment,,10/01/2015,(818) 786-8880,7324 North Sepulveda Boulevard,Van Nuys,CA,91405,"7324 North Sepulveda Boulevard
Van Nuys, CA 91405
(34.20361039700049, -118.46617656399968)"
372,102515,Plumas Medical Services,,02/07/2015,(530) 284-1744,4352 Main Street,Taylorsville,CA,95983,"4352 Main Street
Taylorsville, CA 95983
(40.07526288200046, -120.84059958399968)"
373,102517,"Lincare, Inc.",,02/08/2015,(661) 949-0015,"42207 6th Street West, Suite 101",Lancaster,CA,93534,"42207 6th Street West, Suite 101
Lancaster, CA 93534
(34.65082940500048, -118.1411328429997)"
374,102552,"National Seating & Mobility, Inc.",,03/01/2015,(559) 685-9095,1500 South Blackstone Street,Tulare,CA,93274,"1500 South Blackstone Street
Tulare, CA 93274
(36.19189110500048, -119.33104587799971)"
375,102553,"National Seating & Mobility, Inc.",,03/01/2015,(707) 399-0106,"2850 Cordelia Road, Suite 150",Fairfield,CA,94534,"2850 Cordelia Road, Suite 150
Fairfield, CA 94534
(38.2278485920005, -122.08651635499967)"
376,102555,"National Seating & Mobility, Inc.",,03/01/2015,(661) 833-3340,"4705 New Horizon Boulevard, Suite 2",Bakersfield,CA,93313,"4705 New Horizon Boulevard, Suite 2
Bakersfield, CA 93313
(35.314091490000465, -119.0552848689997)"
377,102556,"National Seating & Mobility, Inc.",,03/01/2015,(707) 575-6188,"3345 Industrial Drive, Unit 14",Santa Rosa,CA,95407,"3345 Industrial Drive, Unit 14
Santa Rosa, CA 95407
(38.475006351000445, -122.74020774199971)"
378,102576,Shield-California Healthcare,,05/10/2015,(800) 675-8842,"423 West Fallbrook Avenue, Suite 101",Fresno,CA,93711,"423 West Fallbrook Avenue, Suite 101
Fresno, CA 93711
(36.849333560000446, -119.80002918599968)"
379,102623,"Northern Rehab Equipment, Inc.",Northern Rehab & Respiratory,08/09/2015,(530) 221-8040,3048 South Market Street,Redding,CA,96001,"3048 South Market Street
Redding, CA 96001
(40.569007573000476, -122.38810484299972)"
380,102667,Medlife Medical Supply Inc.,,11/27/2014,(818) 708-9444,"19611 Ventura Boulevard, Suite 102",Tarzana,CA,91356,"19611 Ventura Boulevard, Suite 102
Tarzana, CA 91356
(34.172768422000445, -118.5604723939997)"
381,102670,AirCare Home Respiratory,,10/23/2014,(714) 740-1100,"13311 Garden Grove Boulevard, Suite D",Garden Grove,CA,92843,"13311 Garden Grove Boulevard, Suite D
Garden Grove, CA 92843
(33.77453752200046, -117.90011927399968)"
382,102686,Safar A. Mansoor,Feroz Medical Supplies,07/13/2015,(213) 480-3072,"3030 West Temple Street, Suite 102 & 105",Los Angeles,CA,90026,"3030 West Temple Street, Suite 102 &amp; 105
Los Angeles, CA 90026
(34.07687201300047, -118.26535895999967)"
383,102689,"Plus One Medical, Inc.",,12/17/2014,(949) 597-1020,"23022 La Cadena, Suite 100",Laguna Hills,CA,92653,"23022 La Cadena, Suite 100
Laguna Hills, CA 92653
(33.62650272400049, -117.72809281799971)"
384,102755,Edwards Medical,,12/30/2014,(916) 446-5400,525 S Street,Sacramento,CA,95811,"525 S Street
Sacramento, CA 95811
(38.57191767100045, -121.50329183499969)"
385,102759,Apria Healthcare LLC,,12/19/2014,(916) 921-1162,1450 Expo Parkway,Sacramento,CA,95815,"1450 Expo Parkway
Sacramento, CA 95815
(38.59781290000046, -121.45612663599968)"
386,102782,"Emporium Medical Equipment, Inc.",,01/29/2015,(714) 224-7474,150 East Imperial Hwy.,Fullerton,CA,92835,"150 East Imperial Hwy.
Fullerton, CA 92835
(33.91728811700045, -117.9319290899997)"
387,102795,Ras Medical Supplies Inc.,,01/29/2015,(323) 939-9020,1024 South La Brea Avenue,Los Angeles,CA,90019,"1024 South La Brea Avenue
Los Angeles, CA 90019
(34.05658488700044, -118.34548069299967)"
388,102800,ACI Sytems Inc.,Advanced Cardiovascular Imaging,05/20/2015,(818) 508-1728,10847 Burbank Boulevard,North Hollywood,CA,91601,"10847 Burbank Boulevard
North Hollywood, CA 91601
(34.17218767200046, -118.3675193469997)"
389,102823,I Feel Good Medical Outlet,,12/18/2014,(707) 426-2211,1113 Texas Street,Fairfield,CA,94533,"1113 Texas Street
Fairfield, CA 94533
(38.24922589200048, -122.04745815399968)"
390,102856,"Sonoma Surgical, A. Corp.",Sonoma Surgical Supply,02/28/2015,(707) 539-5151,4951 and 4975 Sonoma Hwy. (Adjacent Lots),Santa Rosa,CA,95409,"4951 and 4975 Sonoma Hwy. (Adjacent Lots)
Santa Rosa, CA 95409
(38.46036991700049, -122.64228721599972)"
391,102896,A-1 Oxygen,,12/16/2014,(818) 501-5777,"16218 Ventura Boulevard, Suite 3",Encino,CA,91436,"16218 Ventura Boulevard, Suite 3
Encino, CA 91436
(34.15669293700046, -118.4862331809997)"
392,102899,"Medicool, Inc.",,04/21/2015,(310) 782-2200,20460 Gramercy Place,Torrance,CA,90501,"20460 Gramercy Place
Torrance, CA 90501
(33.84505140700048, -118.31319617299971)"
393,102962,"Braden Partners, LP",Pacific Pulmonary Services,03/25/2015,(209) 463-1123,"2666  West Lane, Suite A",Stockton,CA,95205,"2666 West Lane, Suite A
Stockton, CA 95205
(37.98014606100048, -121.2819050819997)"
394,102974,Apria Healthcare LLC,,04/30/2015,(805) 783-7412,"705 Fiero Lane, Suite 10-15",San Luis Obispo,CA,93401,"705 Fiero Lane, Suite 10-15
San Luis Obispo, CA 93401
(35.24402293200046, -120.64346605799972)"
395,102975,Apria Healthcare LLC,,05/07/2015,(760) 724-9300,2530 Jason Court,Oceanside,CA,92056,"2530 Jason Court
Oceanside, CA 92056
(33.215672775000485, -117.2661280589997)"
396,102983,"Helping Hands Medical Supplies, Inc.",,10/17/2014,(805) 494-4402,"2955 East Hillcrest Drive, No. 106",Thousand Oaks,CA,91362,"2955 East Hillcrest Drive, No. 106
Thousand Oaks, CA 91362
(34.17308529900049, -118.83466476599972)"
397,103006,Wesco Medical Supplies & Equipment Co. I,,09/24/2014,(951) 769-0614,"701 Highland Springs Avenue, Suite 4",Beaumont,CA,92223,"701 Highland Springs Avenue, Suite 4
Beaumont, CA 92223
(33.93116027500048, -116.94691257999972)"
398,103028,Boctor (Victor) F. Said,Accurate Healthcare Supplies,06/20/2015,(714) 378-1022,10529 Ellis Avenue,Fountain Valley,CA,92708,"10529 Ellis Avenue
Fountain Valley, CA 92708
(33.694236394000484, -117.94493442299972)"
399,103039,Eric Carl Castaneda,Diamond Springs Mobility,12/17/2014,(530) 626-7638,"484 Pleasant Valley Road, Suite 20",Diamond Springs,CA,95619,"484 Pleasant Valley Road, Suite 20
Diamond Springs, CA 95619
(38.69384291400047, -120.8178443219997)"
400,103054,"Quick Medical Supplies, Inc.",,04/28/2015,(760) 946-1414,"15940 Quantico Road, Suite 100",Apple Valley,CA,92307,"15940 Quantico Road, Suite 100
Apple Valley, CA 92307
(34.540853324000466, -117.27064154699968)"
401,103061,"Ultimate HME, Inc.",,08/03/2015,(562) 498-5866,3250 East 19th Street,Signal Hill,CA,90755,"3250 East 19th Street
Signal Hill, CA 90755
(33.79172265200049, -118.15378950699971)"
402,103074,"Sports Bracing USA, Inc.",,09/01/2014,(408) 978-1114,"3162 Newberry Drive, Suite B",San Jose,CA,95118,"3162 Newberry Drive, Suite B
San Jose, CA 95118
(37.27380998300049, -121.8808070119997)"
403,103105,"Air-Way Medical, Inc.",,06/25/2015,(760) 872-1117,437 East Line Street,Bishop,CA,93514,"437 East Line Street
Bishop, CA 93514
(37.36151821800047, -118.38833992699972)"
404,103146,Best Way Medical Supply,,07/11/2014,(818) 345-8272,"18305 Sherman Way, No. 27",Reseda,CA,91335,"18305 Sherman Way, No. 27
Reseda, CA 91335
(34.20120788900044, -118.53197992099967)"
405,103156,American Mobility Center,,08/02/2014,(760) 722-9802,"3753 Mission Avenue, Suite 114",Oceanside,CA,92058,"3753 Mission Avenue, Suite 114
Oceanside, CA 92058
(33.22475851800044, -117.33204894899967)"
406,103172,Chung Ja Kim,Life Med,01/26/2015,(213) 385-9133,"333 South Western Avenue, Suite A",Los Angeles,CA,90020,"333 South Western Avenue, Suite A
Los Angeles, CA 90020
(34.06821540100049, -118.3091483019997)"
407,103178,Northern Home Medical,,06/19/2015,(530) 272-9021,930 Idaho Maryland Road,Grass Valley,CA,95945,"930 Idaho Maryland Road
Grass Valley, CA 95945
(39.223441152000476, -121.04870602299968)"
408,103210,Apria Healthcare LLC,,08/26/2015,(707) 961-1770,579 South Franklin Street,Fort Bragg,CA,95437,"579 South Franklin Street
Fort Bragg, CA 95437
(39.43494103000046, -123.8046647969997)"
409,103228,Apria Healthcare LLC,,10/08/2014,(760) 200-2918,38888 El Desierto Rd,Palm Desert,CA,92211,"38888 El Desierto Rd
Palm Desert, CA 92211
(33.766074012000445, -116.30711616799971)"
410,103236,"Hill-Rom Company, Inc.",,10/17/2014,(530) 222-8583,"20275 Skypark Drive, Suite E",Redding,CA,96002,"20275 Skypark Drive, Suite E
Redding, CA 96002
(40.5476650600005, -122.30397913099972)"
411,103238,"Hill-Rom Company, Inc.",,11/12/2014,(661) 323-8805,"3232 Rio Mirada, Suite C-3",Bakersfield,CA,93308,"3232 Rio Mirada, Suite C-3
Bakersfield, CA 93308
(35.398807795000494, -119.04036781099973)"
412,103250,"Braden Partners, LP",Pacific Pulmonary Service,12/29/2014,(408) 954-1961,"1701 Fortune Drive, Unit B",San Jose,CA,95131,"1701 Fortune Drive, Unit B
San Jose, CA 95131
(37.400814047000495, -121.8980864349997)"
413,103272,"VOS Transportation, LLC",Medical Products Supplier,11/14/2014,(213) 427-3565,"3030 Temple Street, Suite 108",Los Angeles,CA,90026,"3030 Temple Street, Suite 108
Los Angeles, CA 90026
(34.07473458900046, -118.27999086799969)"
414,103334,"New Life Medical Supply, Inc.",,01/26/2015,(562) 924-7788,11823 Artesia Boulevard,Artesia,CA,90701,"11823 Artesia Boulevard
Artesia, CA 90701
(33.873132987000474, -118.08111577999972)"
415,103335,Global Commerce,,10/08/2014,(310) 221-5310,"1300 East 223rd Street, Suite 407",Carson,CA,90745,"1300 East 223rd Street, Suite 407
Carson, CA 90745
(33.824162843000465, -118.24984948099967)"
416,103348,Apria Healthcare LLC,,11/18/2014,(559) 221-2251,3542 West Holland Avenue,Fresno,CA,93722,"3542 West Holland Avenue
Fresno, CA 93722
(36.797618000000455, -119.85615913799973)"
417,103369,Apria Healthcare LLC,,04/16/2015,(530) 221-0202,"6680 Lockheed Drive, Suite 100",Redding,CA,96002,"6680 Lockheed Drive, Suite 100
Redding, CA 96002
(40.50999377500045, -122.30300336799968)"
418,103373,Apria Healthcare LLC,,12/29/2014,(562) 222-2245,"9930 Pioneer Boulevard, Suite 102",Santa Fe Springs,CA,90670,"9930 Pioneer Boulevard, Suite 102
Santa Fe Springs, CA 90670
(33.947676732000446, -118.07955523799967)"
419,103404,Apria Healthcare LLC,,02/02/2015,(310) 297-6986,610 South Douglas Street,El Segundo,CA,90245,"610 South Douglas Street
El Segundo, CA 90245
(33.90728730100045, -118.38375038899972)"
420,103405,Daily Care Inc.,,03/15/2015,(818) 705-0606,19330 Ventura Boulevard,Tarzana,CA,91356,"19330 Ventura Boulevard
Tarzana, CA 91356
(34.172642823000444, -118.5543307319997)"
421,103448,Med 1 Specialties Inc.,,03/15/2015,(818) 988-6290,"16022 Arminta Street, Suite 4",Van Nuys,CA,91406,"16022 Arminta Street, Suite 4
Van Nuys, CA 91406
(34.21385302900046, -118.48213912399967)"
422,103449,United Medical Services,DME & Oxygen,04/08/2015,(661) 721-2300,1313 C Main Street,Delano,CA,93215,"1313 C Main Street
Delano, CA 93215
(35.77319493700048, -119.24664269899972)"
423,103450,"R.C.P.S., Inc.",IVR Home Health Equipment,03/16/2015,(951) 788-8522,"1240 Palmyrita Avenue, Suite E- H",Riverside,CA,92507,"1240 Palmyrita Avenue, Suite E- H
Riverside, CA 92507
(34.00474089900047, -117.33845244499969)"
424,103469,CityWheelchairs Inc.,,04/07/2015,(415) 508-1153,"1485 Bayshore Boulevard, #412",San Francisco,CA,94124,"1485 Bayshore Boulevard, #412
San Francisco, CA 94124
(37.72599993600045, -122.40159691099973)"
425,103471,Advanced Rehabilitation Technologies,,08/18/2015,(858) 621-5959,7950 Dunbrook Road,San Diego,CA,92126,"7950 Dunbrook Road
San Diego, CA 92126
(32.89295090200045, -117.15020159399967)"
426,103498,Apria Healthcare LLC,,03/01/2015,(209) 475-6860,7514 Murray Drive,Stockton,CA,95210,"7514 Murray Drive
Stockton, CA 95210
(38.01771620900047, -121.3020204659997)"
427,103509,"Bethany Medical Supply, Inc.",,05/10/2015,(626) 961-8699,"525 North Azusa Avenue, Suite 111",La Puente,CA,91744,"525 North Azusa Avenue, Suite 111
La Puente, CA 91744
(34.02675242200047, -117.91690917299968)"
428,103521,Redwood Empire Medical Supply,,05/13/2015,(707) 585-6800,"6620 Redwood Drive, Suite 1",Rohnert Park,CA,94928,"6620 Redwood Drive, Suite 1
Rohnert Park, CA 94928
(38.344844407000494, -122.7144229869997)"
429,103530,Drug Therapy Systems Co Inc.,Chico Medical Supply & Ostomy,09/14/2015,(530) 899-5550,195 Cohasset Road,Chico,CA,95926,"195 Cohasset Road
Chico, CA 95926
(39.751774742000464, -121.85326978099971)"
430,103554,Todd Matthew Bullock,Sierra Prosthetics - Orthotics,07/20/2015,(530) 477-1004,138 Joerschke Drive,Grass Valley,CA,95945,"138 Joerschke Drive
Grass Valley, CA 95945
(39.23321694800046, -121.04073066099971)"
431,103557,"Meridian Medical Products, Inc.",,09/13/2014,(818) 990-0822,"14144 Ventura Boulevard, No.150",Sherman Oaks,CA,91423,"14144 Ventura Boulevard, No.150
Sherman Oaks, CA 91423
(34.14968387400046, -118.44140707499969)"
432,103565,Advans CPAP Inc.,,07/14/2015,(714) 897-2727,"12881 Knott Street, Suite 203",Garden Grove,CA,92841,"12881 Knott Street, Suite 203
Garden Grove, CA 92841
(33.77633015900045, -118.00907304699967)"
433,103572,"Young Prosthetics & Orthotics, Inc.",Young Prosthetics Orthotics & Home Medical Equipment,05/27/2015,(714) 816-1782,516 South Beach Boulevard,Anaheim,CA,92804,"516 South Beach Boulevard
Anaheim, CA 92804
(33.82551510000047, -117.9932126109997)"
434,103579,Novis Corporation,Round Medical Supply & Uniforms,07/27/2015,(415) 440-0444,1712 Divisadero Street,San Francisco,CA,94115,"1712 Divisadero Street
San Francisco, CA 94115
(37.78546689600046, -122.43986534199968)"
435,103595,"Braden Partners, L.P.",Pacific Pulmonary Services,05/10/2015,(760) 241-9364,"12284 Industrial Boulevard, Units 6B & 7B",Victorville,CA,92392,"12284 Industrial Boulevard, Units 6B &amp; 7B
Victorville, CA 92392
(34.48539377600048, -117.37760916099973)"
436,103600,Diana S. Guth,Home Respiratory Care,06/16/2015,(310) 441-4640,"2370 Westwood Boulevard, Suite D",Los Angeles,CA,90064,"2370 Westwood Boulevard, Suite D
Los Angeles, CA 90064
(34.04088054900046, -118.42908691699972)"
437,103621,"Braden Partners, LP",Pacific Pulmonary Services,06/21/2015,(559) 661-0121,"402 South Madera Avenue, Suite B",Madera,CA,93637,"402 South Madera Avenue, Suite B
Madera, CA 93637
(36.950680203000445, -120.05607427099972)"
438,103632,Apria Healthcare LLC,,05/13/2015,(650) 330-2420,"3905 Bohannon Drive, Suite C, D, E, F & G",Menlo Park,CA,94025,"3905 Bohannon Drive, Suite C, D, E, F &amp; G
Menlo Park, CA 94025
(37.45085568400049, -122.18339814899969)"
439,103638,Diversified Medical Equipment and Supplies,"DMES, Inc.",07/14/2015,(714) 657-7610,15472 Chemical Lane,Huntington Beach,CA,92649,"15472 Chemical Lane
Huntington Beach, CA 92649
(33.737540057000444, -118.03663586299967)"
440,103639,Alpine Oxygen Home Care LLC,,08/19/2014,(310) 204-6444,"2818 La Cienega Avenue, # 305",Los Angeles,CA,90034,"2818 La Cienega Avenue, # 305
Los Angeles, CA 90034
(34.032403212000474, -118.37853746599967)"
441,103644,Apguard Medical Inc.,,06/22/2015,(818) 713-0202,6404 Independence Avenue,Woodland Hills,CA,91367,"6404 Independence Avenue
Woodland Hills, CA 91367
(34.187234384000476, -118.59056651299971)"
442,103704,"Bay Wide DME Co., Inc.",,10/16/2014,(650) 355-0940,60 Eureka Square,Pacifica,CA,94044,"60 Eureka Square
Pacifica, CA 94044
(37.632569452000496, -122.48889601999969)"
443,103712,"Biohorizon Medical, Inc.",,08/18/2014,(310) 321-5830,"1970 East Grand Avenue, Suite 370",El Segundo,CA,90245,"1970 East Grand Avenue, Suite 370
El Segundo, CA 90245
(33.91931705100046, -118.39244079699972)"
444,103718,E. Jay Delapenha,Respicare,09/07/2014,(925) 846-0453,"6920 Koll Center Parkway, #222",Pleasanton,CA,94566,"6920 Koll Center Parkway, #222
Pleasanton, CA 94566
(37.66106194200046, -121.9025736159997)"
445,103731,Whelco Medical,,11/12/2014,7607897714,"607 Brazos Street, Suite H",Ramona,CA,92065,"607 Brazos Street, Suite H
Ramona, CA 92065
(33.045221488000436, -116.87965619399972)"
446,103754,"Hill-Rom Company, Inc.",,03/09/2015,(916) 374-0619,"830 Riverside Park, Suite 90",West Sacramento,CA,95691,"830 Riverside Park, Suite 90
West Sacramento, CA 95691
(38.56587968500048, -121.5439784509997)"
447,103806,"National Seating & Mobility, Inc.",,12/09/2014,(408) 920-0390,"1190 Dell Avenue, Suite L",Campbell,CA,95008,"1190 Dell Avenue, Suite L
Campbell, CA 95008
(37.26910291200045, -121.95272668099972)"
448,103810,Hanger Prosthetics & Orthotics West Inc.,,01/19/2015,(949) 253-5500,"4659 Las Positas Road, Unit A",Livermore,CA,94551,"4659 Las Positas Road, Unit A
Livermore, CA 94551
(37.695365162000485, -121.74154624799968)"
449,103849,"Pacific Commodities Trades, Inc.",Sherman Medical Supplies,01/08/2015,(323) 650-6892,7918 Santa Monica Boulevard,West Hollywood,CA,90046,"7918 Santa Monica Boulevard
West Hollywood, CA 90046
(34.090809772000455, -118.36196638999968)"
450,49487,Rosa Pharmacy,Rosa Healthcare,05/29/2015,(626) 571-7672,9122 Valley Blvd.,Rosemead,CA,91770,"9122 Valley Blvd.
Rosemead, CA 91770
(34.08088479200046, -118.07073953499969)"
451,49484,Sonora Community Hospital,Sonora Oxygen and Medical Supply,05/12/2015,(209) 536-3760,358 W. Stockton Street,Sonora,CA,95370,"358 W. Stockton Street
Sonora, CA 95370
(37.98142755800046, -120.38826907799972)"
452,49548,Fair Oaks Medical Supp. Inc.,Medical Supply Inc.,05/02/2014,(916) 482-1216,5933 Fair Oaks Blvd.,Carmichael,CA,95608,"5933 Fair Oaks Blvd.
Carmichael, CA 95608
(38.608731097000486, -121.32889207499971)"
453,49554,Nicole & Andre Pharmaceutical Inc.,Imperial Medical Supplies,11/24/2014,(760) 337-6480,"510 W. Main Street, Suite # 111",El Centro,CA,92243,"510 W. Main Street, Suite # 111
El Centro, CA 92243
(32.792857943000456, -115.55488009699968)"
454,49557,"KCI USA, Inc.",,05/20/2015,(559) 490-2371,"3134 S. East Ave., Suite 103",Fresno,CA,93725,"3134 S. East Ave., Suite 103
Fresno, CA 93725
(36.69000064000045, -119.77268553899972)"
455,49591,Valley Oxygen,Synergy Sleep & Respiratory,05/29/2015,(408) 262-1720,753 Ames Ave.,Milpitas,CA,95035,"753 Ames Ave.
Milpitas, CA 95035
(37.420026479000455, -121.8892993289997)"
456,49616,Breathe Better Products,,07/25/2015,(949) 364-6600,"27882 Forbes Rd., # 202",Laguna Niguel,CA,92677,"27882 Forbes Rd., # 202
Laguna Niguel, CA 92677
(33.55714573000046, -117.6758322279997)"
457,49642,"Good Life Medical Systems, Inc.",,11/22/2014,(949) 274-4983,"2991 Grace Lane, Ste 1 E",Costa Mesa,CA,92626,"2991 Grace Lane, Ste 1 E
Costa Mesa, CA 92626
(33.679380937000474, -117.90263240099972)"
458,49644,"Vital Remedies, Inc.",,06/06/2015,(818) 562-9605,522 S. Verdugo Dr.,Burbank,CA,91502,"522 S. Verdugo Dr.
Burbank, CA 91502
(34.170189165000465, -118.3125438129997)"
459,49649,"Cair Medical, Inc.",,05/28/2015,(714) 632-6903,1045 North Shepard,Anaheim,CA,92806,"1045 North Shepard
Anaheim, CA 92806
(33.85201967800049, -117.85299224499971)"
460,49658,San Diego Orthopedic Supplies,,06/03/2015,(619) 422-1788,3136 Main Street,Chula Vista,CA,91911,"3136 Main Street
Chula Vista, CA 91911
(32.59479798300049, -117.06584995599968)"
461,49709,"AdvantaCare Health, Inc.",AdvantaCare Medical,06/10/2015,(800) 481-4662,1255 Reamwood Avenue,Sunnyvale,CA,94089,"1255 Reamwood Avenue
Sunnyvale, CA 94089
(37.40579119000046, -121.98856379899968)"
462,49732,Horizon Oxygen and Medical Equipment Inc.,,05/28/2015,(866) 575-8901,1060 N. Kraemer Pl.,Anaheim,CA,92806,"1060 N. Kraemer Pl.
Anaheim, CA 92806
(33.84957180900045, -117.85830988099968)"
463,49807,Good Health Inc.,Premier Pharmacy Services,06/24/2015,(714) 961-7930,2657 Saturn St.,Brea,CA,92821,"2657 Saturn St.
Brea, CA 92821
(33.90850756700047, -117.86238550199971)"
464,49803,"Beachwood Medical Supply, Inc.",,07/01/2015,(626) 338-5300,"13851  Garvey Ave., Unit # B 3",Baldwin Park,CA,91706,"13851 Garvey Ave., Unit # B 3
Baldwin Park, CA 91706
(34.06996759900045, -117.97415222899969)"
465,49863,"Premier Medical Equipment & Supply, Inc.",,10/21/2014,(909) 433-3939,"575 Maple, Ste. 'A'",Colton,CA,92324,"575 Maple, Ste. 'A'
Colton, CA 92324
(34.059068166000486, -117.33287513499971)"
466,49925,"Special Care Medical Supply, Inc.",Medical Equipment & Supplies Retailers,07/01/2015,(323) 778-3304,8946 South Western Ave.,Los Angeles,CA,90047,"8946 South Western Ave.
Los Angeles, CA 90047
(33.95585982200049, -118.30898467799972)"
467,49951,Advanced Dynamic Therapies Professional Corp,,07/22/2014,(310) 330-1177,"644 E. Regent St., Suite 101",Inglewood,CA,90301,"644 E. Regent St., Suite 101
Inglewood, CA 90301
(33.96448311300048, -118.34486894299971)"
468,49960,"Pacific Plaza Pharmacy, Inc.",Pacific Plaza Pharmacy,07/21/2015,(562) 426-6588,"2777 Pacific Ave., Suite A",Long Beach,CA,90806,"2777 Pacific Ave., Suite A
Long Beach, CA 90806
(33.807310721000476, -118.19381286299972)"
469,50017,"Kadence Healthcare, Inc.",,07/29/2015,(858) 569-6994,"8245 Ronson Rd., Suite G",San Diego,CA,92111,"8245 Ronson Rd., Suite G
San Diego, CA 92111
(32.82907300800048, -117.14641865299967)"
470,50018,"SleepQuest, Inc.",,07/29/2015,(415) 775-3379,"1489 Webster Street, Suite 203",San Francisco,CA,94115,"1489 Webster Street, Suite 203
San Francisco, CA 94115
(37.784153295000465, -122.43121285699971)"
471,50022,Horizon Oxygen and Medical Equipment Inc.,,08/08/2015,(760) 341-1158,"74885 Joni Dr., Suite 5",Palm Desert,CA,92260,"74885 Joni Dr., Suite 5
Palm Desert, CA 92260
(33.74097417100046, -116.35804803699972)"
472,50024,JMS Medical Supply LLC,,07/25/2015,(408) 481-3829,"1190 Miraloma Way, Suite X",Sunnyvale,CA,94085,"1190 Miraloma Way, Suite X
Sunnyvale, CA 94085
(37.37886351600048, -121.9968003089997)"
473,50074,"Allied Medical Supply, Inc.",,07/24/2015,(714) 935-9200,"424 South Main St., Suite M",Orange,CA,92868,"424 South Main St., Suite M
Orange, CA 92868
(33.78159179100044, -117.86738294799972)"
474,50091,"Midway Sleep Lab, LLC",,08/06/2015,(323) 933-0422,"5901 W. Olympic Blvd., # 202",Los Angeles,CA,90036,"5901 W. Olympic Blvd., # 202
Los Angeles, CA 90036
(34.05757826500047, -118.35999494699968)"
475,50098,Hoveround Corporation,,08/26/2015,(800) 771-6565,741 Brokaw Road,San Jose,CA,95112,"741 Brokaw Road
San Jose, CA 95112
(37.38205047400049, -121.90602657999972)"
476,50099,Hoveround Corporation,,08/26/2015,(800) 771-6565,"827 Arnold Drive, Bay 1",Martinez,CA,94553,"827 Arnold Drive, Bay 1
Martinez, CA 94553
(37.99701777100046, -122.11462918999968)"
477,50119,Apnea Solutions Inc.,,08/20/2015,(714) 579-7701,"16960 Bastanchury Rd., Suite D",Yorba Linda,CA,92886,"16960 Bastanchury Rd., Suite D
Yorba Linda, CA 92886
(33.899243664000494, -117.8383566819997)"
478,50211,Horizon Sleep Medicine Services Inc.,Beverly Hills Sleep Center,08/25/2015,(323) 934-9262,"6310 San Vicente Blvd., # 280",Los Angeles,CA,90048,"6310 San Vicente Blvd., # 280
Los Angeles, CA 90048
(34.06100630400044, -118.36741564199968)"
479,50303,"Med World, HME, Inc.",,10/20/2014,(805) 739-1700,"2045 Preisker Lane, Suite H",Santa Maria,CA,93454,"2045 Preisker Lane, Suite H
Santa Maria, CA 93454
(34.978942937000454, -120.43253889699969)"
480,50312,San Diego Orthopedics Supplies,,05/17/2015,(619) 477-7075,319 W. 18th St.,National City,CA,91950,"319 W. 18th St.
National City, CA 91950
(32.66621756200044, -117.10718691399967)"
481,50353,"Sarah Medical Equipment, Inc.",,10/09/2014,(310) 396-5258,2632 Lincoln Boulevard,Santa Monica,CA,90405,"2632 Lincoln Boulevard
Santa Monica, CA 90405
(34.00634781600047, -118.4755572899997)"
482,50354,Metro Home Healthcare Equipment & Supply Inc.,,10/16/2014,(626) 282-2200,1430 W. Valley Blvd.,Alhambra,CA,91803,"1430 W. Valley Blvd.
Alhambra, CA 91803
(34.07756344100045, -118.13900803599972)"
483,50355,Entra Health Systems LLC,,06/11/2015,(877) 458-2646,"3111 Camino Del Rio North, Ste. 101",San Diego,CA,92108,"3111 Camino Del Rio North, Ste. 101
San Diego, CA 92108
(32.77472794100049, -117.12820107699969)"
484,50363,"Shield-California Health Care Center, Inc.",,10/24/2014,(661) 294-4200,27911 W. Franklin Parkway,Valencia,CA,91355,"27911 W. Franklin Parkway
Valencia, CA 91355
(34.439263550000476, -118.6230170989997)"
485,50421,"Young's Orthopedics, Inc.",,11/07/2014,(909) 474-0500,2299 N. Arrowhead Avenue,San Bernardino,CA,92405,"2299 N. Arrowhead Avenue
San Bernardino, CA 92405
(34.13691130500047, -117.2896077589997)"
486,50451,Apria Healthcare LLC,,11/07/2014,(949) 581-9990,15091 Bake Parkway,Irvine,CA,92618,"15091 Bake Parkway
Irvine, CA 92618
(33.64202486200048, -117.71379805699968)"
487,50537,Sincere Care Management Inc,Sincere Care Medical Supply,12/04/2014,(415) 752-3288,"728 Pacific Avenue, Suite 116",San Francisco,CA,94133,"728 Pacific Avenue, Suite 116
San Francisco, CA 94133
(37.796888313000466, -122.40738251699969)"
488,50544,"Aging Care, Inc.",,10/23/2014,(510) 614-8780,1380 Bancroft Ave. # 5,San Leandro,CA,94577,"1380 Bancroft Ave. # 5
San Leandro, CA 94577
(37.726723569000455, -122.14763860699969)"
489,50545,"National Seating & Mobility, Inc.",,10/28/2014,(916) 383-8501,"5320 Power Inn Rd., Suite E & F",Sacramento,CA,95820,"5320 Power Inn Rd., Suite E &amp; F
Sacramento, CA 95820
(38.53485634600048, -121.44548586599973)"
490,50614,"YNC Enterprise, Inc.",K.C. Medical Supply,11/19/2014,(661) 363-6517,715 Sterling Rd.,Bakersfield,CA,93306,"715 Sterling Rd.
Bakersfield, CA 93306
(35.36923118000044, -118.94081888999972)"
491,50647,"ATG - Designing Mobility, Inc.",ATG Rehab,12/08/2014,(562) 921-0258,12627 Hiddencreek Way,Cerritos,CA,90703,"12627 Hiddencreek Way
Cerritos, CA 90703
(33.884707827000454, -118.06353205199969)"
492,50645,Apria Healthcare LLC,,11/13/2014,(949) 639-4757,"1080 Mount Vernon Ave., Suite 103",Riverside,CA,92507,"1080 Mount Vernon Ave., Suite 103
Riverside, CA 92507
(34.00310990400044, -117.31354675999972)"
493,50689,"Easy Life Medical Supplies, Inc.",,12/16/2014,(805) 526-1200,2082 Tapo Street,Simi Valley,CA,93063,"2082 Tapo Street
Simi Valley, CA 93063
(34.27300261500045, -118.70890616299971)"
494,50702,Hoveround Corporation,,12/04/2014,(800) 771-6565,6415 Alondra Boulevard,Paramount,CA,90723,"6415 Alondra Boulevard
Paramount, CA 90723
(33.889212286000486, -118.1851929549997)"
495,50779,"Stevenston Medical Supply & Services Inc.,",,01/23/2015,(310) 419-6300,3235 W. Century Blvd,Inglewood,CA,90303,"3235 W. Century Blvd
Inglewood, CA 90303
(33.94549931200049, -118.32840411099971)"
496,50800,"M.A.R.Y. Medical, Inc.",,01/26/2015,(559) 456-1774,"4656 E. Dakota Avenue, Suite 104",Fresno,CA,93726,"4656 E. Dakota Avenue, Suite 104
Fresno, CA 93726
(36.78678309400044, -119.7424692519997)"
497,50826,National Seating & Mobility,,01/15/2015,(510) 856-4001,2462 Tripaldi Way,Hayward,CA,94545,"2462 Tripaldi Way
Hayward, CA 94545
(37.61450284300048, -122.0851699529997)"
498,50829,"Golden State Medical, Inc.",,12/19/2014,(800) 696-2900,"200 Linden Avenue, Suite 100",Auburn,CA,95603,"200 Linden Avenue, Suite 100
Auburn, CA 95603
(38.89878314900045, -121.06939205199973)"
499,50841,"Tenspede Medical, Inc.",,12/23/2014,(800) 647-1010,"200 Linden Avenue, Suite 250",Auburn,CA,95603,"200 Linden Avenue, Suite 250
Auburn, CA 95603
(38.89878314900045, -121.06939205199973)"
500,50849,Northern California Medical Inc.,,04/08/2015,(916) 979-9729,"3814 Auburn Blvd., Suite 75",Sacramento,CA,95821,"3814 Auburn Blvd., Suite 75
Sacramento, CA 95821
(38.63987349100046, -121.37564090299969)"
501,47936,"DexCom, Inc.",,02/27/2016,(858) 200-0200,6340 Sequence Drive,San Diego,CA,92121,"6340 Sequence Drive
San Diego, CA 92121
(32.90686816300047, -117.1854314579997)"
502,50896,RAC & Associates,SpecialCare,03/09/2015,(858) 694-5800,"9511 Ridgehaven Court, Ste. A",San Diego,CA,92123,"9511 Ridgehaven Court, Ste. A
San Diego, CA 92123
(32.820744066000486, -117.12400865399968)"
503,50911,Active Life Medical Products Inc.,,04/29/2015,(209) 943-2118,4217 Coronado Ave. # D,Stockton,CA,95204,"4217 Coronado Ave. # D
Stockton, CA 95204
(37.99151908300047, -121.28960117299971)"
504,50912,"Gordian Medical, Inc.",American Medical Technologies,02/27/2015,(714) 556-0200,17595 Cartwright Road,Irvine,CA,92614,"17595 Cartwright Road
Irvine, CA 92614
(33.68475172200044, -117.8433405879997)"
505,50965,"S. B. Health Care Acquisition, Inc.",Santa Barbara Health Care,03/11/2015,(805) 693-8321,"240 E. Hwy 246, Ste 100",Buellton,CA,93427,"240 E. Hwy 246, Ste 100
Buellton, CA 93427
(34.61080860900046, -120.18675566099972)"
506,50966,Valley Patient Care,,02/26/2015,(831) 757-6657,401 Victor Way #2,Salinas,CA,93907,"401 Victor Way #2
Salinas, CA 93907
(36.68420927100044, -121.6677408869997)"
507,50973,Samsung Medical Supply USA Corp.,Samsung Medical Supplies,01/26/2015,(213) 388-8230,2727 W. Olympic Blvd. # 112,Los Angeles,CA,90006,"2727 W. Olympic Blvd. # 112
Los Angeles, CA 90006
(34.05269803600049, -118.29284023099967)"
508,50979,Barton Direct Inc.,,02/18/2015,(800) 779-5611,255 North Mission Rd.,Los Angeles,CA,90033,"255 North Mission Rd.
Los Angeles, CA 90033
(34.051340964000474, -118.22708039199972)"
509,51011,Devine Light International Inc.,Devine Medical Supplies,02/11/2015,(562) 944-5640,9950 Bell Ranch Dr. # 101,Santa Fe Springs,CA,90670,"9950 Bell Ranch Dr. # 101
Santa Fe Springs, CA 90670
(33.94796664500046, -118.06395020199972)"
510,51012,"AAA Vintage Gases, Inc.",Piner's Medical Supply,04/16/2015,(707) 224-7921,907 Trancas Street,Napa,CA,94558,"907 Trancas Street
Napa, CA 94558
(38.32393394900049, -122.29358431799972)"
511,51018,Medx Inc.,Medx Medical Supplies,02/24/2015,(323) 644-0050,3111 Los Feliz Blvd. # 104,Los Angeles,CA,90039,"3111 Los Feliz Blvd. # 104
Los Angeles, CA 90039
(34.12425620500045, -118.26712218499972)"
512,51051,"Rest Easy Medical, Inc.",,02/10/2015,(559) 325-7500,"7065 N. Chestnut Ave., Ste 106",Fresno,CA,93720,"7065 N. Chestnut Ave., Ste 106
Fresno, CA 93720
(36.839166813000475, -119.7363080179997)"
513,51059,Alternative Mobility,,07/27/2015,(619) 427-2525,"320 Trousdale ""E""",Chula Vista,CA,91910,"320 Trousdale &quot;E&quot;
Chula Vista, CA 91910
(32.638753403000464, -117.06695864799968)"
514,51061,Elite Home Medical & Respiratory,,02/18/2015,(714) 630-2128,"1440 S. St. College Blvd., Suite 6-G",Anaheim,CA,92806,"1440 S. St. College Blvd., Suite 6-G
Anaheim, CA 92806
(33.836454168000444, -117.87454743999967)"
515,51064,High Desert Medical & Sleep Supplies Inc.,,03/16/2015,(760) 375-3680,112 N. China Lake Blvd.,Ridgecrest,CA,93555,"112 N. China Lake Blvd.
Ridgecrest, CA 93555
(35.622795118000454, -117.66990681699968)"
516,51127,"A & T Mobility, Inc.","California Home Medical, Inc.",03/23/2015,(559) 298-2136,"7946 N. Maple Ave., Suite 111",Fresno,CA,93720,"7946 N. Maple Ave., Suite 111
Fresno, CA 93720
(36.85145295900048, -119.74770862699972)"
517,51161,"Oceanic Medical Concepts, Inc.",,04/01/2015,(323) 754-1810,2688 W. Imperial Hwy,Inglewood,CA,90303,"2688 W. Imperial Hwy
Inglewood, CA 90303
(33.930875856000455, -118.32304501099969)"
518,51171,Diversified Medical Equipment & Supplies Inc.,"DMES, Inc.",03/23/2015,(209) 466-7271,2427 Station Ct.,Stockton,CA,95215,"2427 Station Ct.
Stockton, CA 95215
(37.93712561900048, -121.22673382899973)"
519,51177,5 Medical,,03/23/2015,(559) 353-2954,"4656 E Dakota Ave., Ste. 103",Fresno,CA,93726,"4656 E Dakota Ave., Ste. 103
Fresno, CA 93726
(36.78678309400044, -119.7424692519997)"
520,51260,Broadway Medical Supply,,04/16/2015,(323) 752-7831,8512 South Broadway,Los Angeles,CA,90003,"8512 South Broadway
Los Angeles, CA 90003
(33.96127776400044, -118.27826031299969)"
521,51262,"Interactive Medical Systems, Inc.",,04/21/2015,(714) 894-5029,"12882 Valley View Street, Suite 8",Garden Grove,CA,92845,"12882 Valley View Street, Suite 8
Garden Grove, CA 92845
(33.77672435600044, -118.03525719099969)"
522,51264,Alpha Respiratory Inc.,Lincare Inc.,04/07/2015,(530) 895-8414,"629 Entler Avenue, Suite 3 and 4",Chico,CA,95928,"629 Entler Avenue, Suite 3 and 4
Chico, CA 95928
(39.705124613000464, -121.79142912099968)"
523,51286,Experea Healthcare LLC,,05/07/2015,(949) 716-3071,12 Rancho Circle,Lake Forest,CA,92630,"12 Rancho Circle
Lake Forest, CA 92630
(33.67266428600044, -117.66822601599972)"
524,51351,"Robinson's Pharmacy Medical & Supplies, Inc.",Robinson's Medical Equipment & Supplies,04/06/2015,(916) 965-4352,"8510 Madison Avenue, Suite D",Fair Oaks,CA,95628,"8510 Madison Avenue, Suite D
Fair Oaks, CA 95628
(38.664183180000464, -121.24249934899973)"
525,51406,Triana Enterprises LLC,Triana Medical Supply,04/21/2015,(619) 713-6800,"3855 Avocado Blvd., Ste. 160",La Mesa,CA,91941,"3855 Avocado Blvd., Ste. 160
La Mesa, CA 91941
(32.74924983800048, -116.96196714199971)"
526,51407,Sizewise Rentals LLC,,05/06/2015,(714) 545-1810,3734 W. Warner Avenue,Santa Ana,CA,92704,"3734 W. Warner Avenue
Santa Ana, CA 92704
(33.71389129000045, -117.9187079409997)"
527,51408,Sizewise Rentals LLC,,05/08/2015,(909) 890-5840,"1894 Commercenter W., Suite 406",San Bernardino,CA,92408,"1894 Commercenter W., Suite 406
San Bernardino, CA 92408
(34.06752015300049, -117.28618237099971)"
528,51412,"NNE Medical Supply & Equipment, Inc.",,05/11/2015,(866) 476-4633,"13139 Ramona Blvd., Suite A",Irwindale,CA,91706,"13139 Ramona Blvd., Suite A
Irwindale, CA 91706
(34.08026238600047, -117.98694980999971)"
529,51413,"Care Medical, A California Corporation",,07/02/2015,(559) 635-4443,9644 W. Nicholas Ave.,Visalia,CA,93291,"9644 W. Nicholas Ave.
Visalia, CA 93291
(36.33666840100045, -119.39887955599971)"
530,51416,"Caremedics O & P, Inc.",,08/10/2014,(714) 956-7998,"421 N. Brookhurst St., Ste. 126",Anaheim,CA,92801,"421 N. Brookhurst St., Ste. 126
Anaheim, CA 92801
(33.83778050900048, -117.95906194599968)"
531,51417,"Brooks Home I.V., Inc.",Brooks Health Care,04/30/2015,(559) 221-4800,3410 W. Ashlan Ave.,Fresno,CA,93722,"3410 W. Ashlan Ave.
Fresno, CA 93722
(36.793787815000485, -119.85391910199968)"
532,51419,"Fremont Sleep Apnea Center, LLC",Sleep Diagnostics of Fremont,02/17/2015,(510) 742-5432,"556 Mowry Avenue, Suite 102",Fremont,CA,94536,"556 Mowry Avenue, Suite 102
Fremont, CA 94536
(37.567495506000455, -121.97275564499972)"
533,51461,Allure Mobility & Medical Supply,,05/01/2015,(415) 447-0000,"851 Van Ness Ave., Suite 1",San Francisco,CA,94109,"851 Van Ness Ave., Suite 1
San Francisco, CA 94109
(37.78357369700046, -122.42105318899968)"
534,51470,"CPAP Station, LLC",,05/01/2015,(805) 466-2570,8300 Curbaril Avenue,Atascadero,CA,93422,"8300 Curbaril Avenue
Atascadero, CA 93422
(35.47482146800047, -120.66263284999968)"
535,51484,ATG- WCI Inc.,Numotion,06/17/2015,(916) 489-3651,1650 Tribute Road,Sacramento,CA,95815,"1650 Tribute Road
Sacramento, CA 95815
(38.59406027300048, -121.44483736599972)"
536,51500,"Oakland Medical Supply, LLC",,05/07/2015,(510) 268-3228,823 Harrison Street,Oakland,CA,94607,"823 Harrison Street
Oakland, CA 94607
(37.79924420000049, -122.26992576799972)"
537,51584,American Wheelchair Center,,05/27/2015,(760) 597-1010,605 Sycamore Ave.,Vista,CA,92083,"605 Sycamore Ave.
Vista, CA 92083
(33.16614028200047, -117.21530042899968)"
538,51593,RAM Durable Medical Equipment LLC,Southern California Orthopedic Rehab Equipment,06/10/2015,(858) 549-1707,"7909 Silverton Ave., # 214",San Diego,CA,92126,"7909 Silverton Ave., # 214
San Diego, CA 92126
(32.89065325300044, -117.14958397099969)"
539,51599,Braden Partners Lp,Pacific Pulmonary Services,06/17/2015,(415) 647-7544,"20 South Linden Avenue, #5B",South San Francisco,CA,94080,"20 South Linden Avenue, #5B
South San Francisco, CA 94080
(37.651221455000496, -122.41154110199972)"
540,51679,G7 Medical Retail,,06/03/2014,(559) 435-4747,7492 N. Fresno Street,Fresno,CA,93720,"7492 N. Fresno Street
Fresno, CA 93720
(36.84585021300046, -119.7836552609997)"
541,51680,Sun Medical Equipment Inc.,Sun Medical Supplies,06/22/2015,(909) 307-8090,"1915 Redlands Blvd., Suite 101",Redlands,CA,92373,"1915 Redlands Blvd., Suite 101
Redlands, CA 92373
(34.062902960000486, -117.21881997599968)"
542,51719,Maxi Med Supply Inc.,,09/10/2015,(805) 578-8668,"2315 Kuehner Dr., Ste. 105",Simi Valley,CA,93063,"2315 Kuehner Dr., Ste. 105
Simi Valley, CA 93063
(34.27777297700044, -118.66217193599971)"
543,51720,Lincare Inc.,,06/24/2015,(707) 269-3000,"3819 Walnut Drive, Ste. A",Eureka,CA,95503,"3819 Walnut Drive, Ste. A
Eureka, CA 95503
(40.772960303000445, -124.14291366699973)"
544,51738,McIlwain Services,McIlwain Mobility Service,07/30/2015,(916) 248-4029,8451 Friar Tuck Way,Fair Oaks,CA,95628,"8451 Friar Tuck Way
Fair Oaks, CA 95628
(38.661618201000465, -121.24641941199968)"
545,51750,ElectroEase Corporation,Electropedic Beds,09/01/2014,(714) 636-3561,12557 Harbor Blvd.,Garden Grove,CA,92840,"12557 Harbor Blvd.
Garden Grove, CA 92840
(33.78072736700045, -117.91497606899969)"
546,51807,"Jam Medical, Inc.",Jam Medical,07/01/2014,(323) 944-0320,"6404 Wilshire Blvd., Suite 104 B",Los Angeles,CA,90048,"6404 Wilshire Blvd., Suite 104 B
Los Angeles, CA 90048
(34.063742973000444, -118.36862208099967)"
547,51810,"Sleep Well CPAP Services, LLC",CPAP Services,07/08/2015,(408) 627-7184,"75 North Bascom Avenue, Suite 120",San Jose,CA,95128,"75 North Bascom Avenue, Suite 120
San Jose, CA 95128
(37.324809976000495, -121.93205359399968)"
548,51819,Superior Medical Enterprise Inc.,,07/08/2014,(310) 329-2133,"17420 S. Avalon Blvd., Ste. 204",Carson,CA,90746,"17420 S. Avalon Blvd., Ste. 204
Carson, CA 90746
(33.872764937000454, -118.26582701999968)"
549,51843,"Medical Quick Assist, Inc.",MedAssist Medical,06/30/2015,(323) 944-0250,"6404 Wilshire Blvd., Suite 104",Los Angeles,CA,90048,"6404 Wilshire Blvd., Suite 104
Los Angeles, CA 90048
(34.063742973000444, -118.36862208099967)"
550,51844,SS Medical,,09/09/2014,(530) 243-4155,4103 Pembroke Ln.,Shasta Lake,CA,96019,"4103 Pembroke Ln.
Shasta Lake, CA 96019
(40.659457087000476, -122.37194985199972)"
551,51866,Krulac Medical Inc.,See The Trainer,07/20/2015,(310) 798-1914,3750 Sepulveda Blvd.,Torrance,CA,90505,"3750 Sepulveda Blvd.
Torrance, CA 90505
(33.825388303000466, -118.3495701659997)"
552,51882,American MedEquip LLC,,07/23/2014,(916) 791-2266,"931 Washington Blvd., Suite 101",Roseville,CA,95678,"931 Washington Blvd., Suite 101
Roseville, CA 95678
(38.75992835800048, -121.29210895799969)"
553,51900,A 2 Z Medical Supply,,07/08/2015,(909) 865-0022,170 W. Willow Street,Pomona,CA,91767,"170 W. Willow Street
Pomona, CA 91767
(34.07783838400047, -117.75114152199967)"
554,51131,"NeilMed Products, Inc.","Neilmed Pharmaceuticals, Inc.",09/29/2015,(707) 525-3784,601 Aviation Blvd.,Santa Rosa,CA,95403,"601 Aviation Blvd.
Santa Rosa, CA 95403
(38.51599858700047, -122.79672010599973)"
555,51925,"Owens Healthcare - Medical Equipment, Inc.",,07/29/2015,(530) 899-8687,"3860 Morrow Lane, Ste. E",Chico,CA,95928,"3860 Morrow Lane, Ste. E
Chico, CA 95928
(39.7118781370005, -121.79079536599971)"
556,52015,VerusCare Inc.,,08/10/2014,(707) 427-8185,"1070 Horizon Drive, Suite O",Fairfield,CA,94533,"1070 Horizon Drive, Suite O
Fairfield, CA 94533
(38.27384618700046, -122.01218335899972)"
557,52020,Superior Healthcare Equipment & Services Inc.,,07/31/2015,(925) 969-9699,"421 N. Buchanan Circle, # 13",Pacheco,CA,94553,"421 N. Buchanan Circle, # 13
Pacheco, CA 94553
(37.991417681000485, -122.07138059699969)"
558,52024,Bowman Medical Supply,,07/29/2015,(650) 654-5525,"1200 Industrial Rd., Suite 16",San Carlos,CA,94070,"1200 Industrial Rd., Suite 16
San Carlos, CA 94070
(37.501746306000484, -122.2463465249997)"
559,52027,"ATG-Rehab Specialists, Inc.",ATG Rehab,08/28/2014,(408) 522-1200,610 N. Pastoria Avenue,Sunnyvale,CA,94085,"610 N. Pastoria Avenue
Sunnyvale, CA 94085
(37.393170247000455, -122.03351776899973)"
560,52093,"Colgate Medical and Surgical Supplies, Inc.",,08/04/2015,(323) 782-0145,535 N. Fairfax Ave.,Los Angeles,CA,90036,"535 N. Fairfax Ave.
Los Angeles, CA 90036
(34.080899446000444, -118.36151749299972)"
561,52100,"Beavans Medical, Inc.",,07/22/2015,(714) 281-5906,22865-B Savi Ranch Parkway,Yorba Linda,CA,92887,"22865-B Savi Ranch Parkway
Yorba Linda, CA 92887
(33.87544322700046, -117.73785572299971)"
562,52119,Lori Schwartz InCare DMEl Tenderfeet Shoes,InCare DME,08/24/2014,(818) 991-3736,"1050 Central Ave., Suite D",Brea,CA,92821,"1050 Central Ave., Suite D
Brea, CA 92821
(33.93184357800044, -117.9138095349997)"
563,52120,"Aays Rents & Sells, Inc.",,08/04/2015,(408) 295-1309,598 E. Santa Clara St.,San Jose,CA,95112,"598 E. Santa Clara St.
San Jose, CA 95112
(37.34203064600047, -121.87820686199973)"
564,52134,"Universal Medical Rentals and Equipment Sales, Inc",,08/03/2014,(818) 232-8575,17323 Saticoy Street,Northridge,CA,91325,"17323 Saticoy Street
Northridge, CA 91325
(34.208441081000444, -118.51041276299969)"
565,52146,Canaan Medical Supply Inc.,,10/14/2014,(323) 935-4000,"903 South Crenshaw Boulevard, Suite 102 A",Los Angeles,CA,90019,"903 South Crenshaw Boulevard, Suite 102 A
Los Angeles, CA 90019
(34.05622548600047, -118.3221666879997)"
566,52147,Ped Negotium Inc.,"Tenderfeet Shoes, InCare DME",08/24/2014,(714) 990-5932,"1050 W. Central Ave., Ste. D",Brea,CA,92821,"1050 W. Central Ave., Ste. D
Brea, CA 92821
(33.93184357800044, -117.9138095349997)"
567,52149,Advance Medical Supply,,08/03/2015,(619) 466-9255,7771 University Ave.,La Mesa,CA,91942,"7771 University Ave.
La Mesa, CA 91942
(32.76211960100045, -117.03019502599972)"
568,52151,Prime Medical Supply Inc.,,08/10/2015,(951) 278-9111,1261 Carbide Drive,Corona,CA,92881,"1261 Carbide Drive
Corona, CA 92881
(33.85004032600045, -117.53995557099972)"
569,52224,"ATG - Designing Mobility, Inc.",ATG Rehab,09/28/2014,(818) 846-1371,"9428 Eton Ave., Suite D-E",Chatsworth,CA,91311,"9428 Eton Ave., Suite D-E
Chatsworth, CA 91311
(34.24149281400048, -118.59630029299967)"
570,52226,Home Improvement for the Disabled LLC,H.I.D.,09/08/2015,(510) 886-4526,25716 Mission Boulevard,Hayward,CA,94544,"25716 Mission Boulevard
Hayward, CA 94544
(37.65405952500049, -122.06905413999971)"
571,52228,Oakland Medical Market Inc.,,09/10/2014,(510) 568-7722,"433 Hegenberger Rd., Suite C",Oakland,CA,94621,"433 Hegenberger Rd., Suite C
Oakland, CA 94621
(37.736318344000495, -122.1971401509997)"
572,52229,Advanced Medical Supply Inc.,Advanced Mobility Center,08/10/2015,(760) 510-8096,"1621 S. Rancho Santa Fe Rd., Suite H",San Marcos,CA,92078,"1621 S. Rancho Santa Fe Rd., Suite H
San Marcos, CA 92078
(33.106636472000446, -117.22537861899968)"
573,52241,"Elite Medical Supply, Inc.",,08/28/2014,(909) 392-3700,3168 N. Garey Ave.,Pomona,CA,91767,"3168 N. Garey Ave.
Pomona, CA 91767
(34.104957063000484, -117.74855283999972)"
574,52787,Advanced Homecare,,11/24/2014,(800) 758-7571,"9524 Kearny Villa Rd., Ste. 107",San Diego,CA,92126,"9524 Kearny Villa Rd., Ste. 107
San Diego, CA 92126
(32.89653104200045, -117.12064210899968)"
575,52321,WSG Enterprises Inc.,In & Out Mobility,02/23/2015,(760) 324-7790,"73800 Dinah Shore Dr., Suite 100",Palm Desert,CA,92211,"73800 Dinah Shore Dr., Suite 100
Palm Desert, CA 92211
(33.79615087200045, -116.37665752699968)"
576,52323,"SleepQuest, Inc.",,09/16/2014,(408) 356-6162,"16400 Lark Avenue, Suite 210",Los Gatos,CA,95032,"16400 Lark Avenue, Suite 210
Los Gatos, CA 95032
(37.24833478500045, -121.95710286199972)"
577,52324,Lincare Inc.,,09/21/2015,(408) 434-7082,"53 Bonaventure Drive, Suite A",San Jose,CA,95134,"53 Bonaventure Drive, Suite A
San Jose, CA 95134
(37.388778680000485, -121.9283882579997)"
578,52336,Demar Industries Inc.,Support Care Services,09/22/2015,(650) 780-9547,617 Veterans Blvd. Ste. 101,Redwood City,CA,94063,"617 Veterans Blvd. Ste. 101
Redwood City, CA 94063
(37.492234219000466, -122.23159040399969)"
579,52338,Maldonado Medical LLC,,09/09/2014,(310) 622-4838,"2022 Broadway, Suite B",Santa Monica,CA,90404,"2022 Broadway, Suite B
Santa Monica, CA 90404
(34.02789552000047, -118.47777060899972)"
580,52343,US Medical Supply Inc.,,09/09/2014,(818) 330-9425,3718 Foothill Blvd.,La Crascenta,CA,91214,"3718 Foothill Blvd.
La Crascenta, CA 91214
(34.236945910000486, -118.26060487899969)"
581,52345,Helix Medical LLC,InHealth Technologies,09/15/2014,(805) 684-3304,1110 Mark Avenue,Carpinteria,CA,93013,"1110 Mark Avenue
Carpinteria, CA 93013
(34.38694649900049, -119.48618103599972)"
582,52402,"Sleep Science Partners, Inc.",,10/06/2014,(415) 484-1451,"900 Larkspur Landing Circle, Suite 207",Larkspur,CA,94939,"900 Larkspur Landing Circle, Suite 207
Larkspur, CA 94939
(37.948316580000494, -122.50971205599973)"
583,52403,Everything Medical,,09/16/2014,(626) 284-2500,"200 South Palm Ave., Unit A",Alhambra,CA,91801,"200 South Palm Ave., Unit A
Alhambra, CA 91801
(34.08798122100046, -118.14653589299968)"
584,52404,Promed Medical Supplies,,09/29/2014,(310) 836-6060,10200 Venice Blvd. #109,Culver City,CA,90232,"10200 Venice Blvd. #109
Culver City, CA 90232
(34.02154666000047, -118.4017616749997)"
585,52406,"RecoverCare, LLC",,10/12/2014,(714) 259-7536,"15455 Redhill Ave., Suites E & F",Tustin,CA,92780,"15455 Redhill Ave., Suites E &amp; F
Tustin, CA 92780
(33.73752273900044, -117.82121684299972)"
586,52412,San Pablo Commercial Corp.,,09/22/2014,(805) 583-8883,"45 W. Easy Street, Suite 25",Simi Valley,CA,93065,"45 W. Easy Street, Suite 25
Simi Valley, CA 93065
(34.27845686200044, -118.7980510109997)"
587,52413,Mission Medical Supply,,09/15/2015,(619) 229-9597,4444 El Cajon Blvd. #3,San Diego,CA,92115,"4444 El Cajon Blvd. #3
San Diego, CA 92115
(32.75515758600045, -117.0988927889997)"
588,52423,"Respxchange, Inc.",,10/07/2014,(707) 746-0600,"4728 East Second St., Suite 16",Benicia,CA,94510,"4728 East Second St., Suite 16
Benicia, CA 94510
(38.08099214100048, -122.1306917229997)"
589,52426,"Physicians Choice Medical, Inc.",Physicians Choice DME,10/30/2014,(805) 409-0600,"1489 E. Thousand Oaks Blvd., Suite E",Thousand Oaks,CA,91361,"1489 E. Thousand Oaks Blvd., Suite E
Thousand Oaks, CA 91361
(34.178034152000464, -118.85394412199969)"
590,52456,"Carrier United, Inc.",Americare Medical Supply,10/23/2014,(805) 777-1171,704 E. Thousand Oaks Blvd.,Thousand Oaks,CA,91360,"704 E. Thousand Oaks Blvd.
Thousand Oaks, CA 91360
(34.17920820000046, -118.86537350099968)"
591,52458,"Xtreme Medical, Inc.",,10/26/2014,(562) 803-9444,5580 Imperial Hwy.,South Gate,CA,90280,"5580 Imperial Hwy.
South Gate, CA 90280
(33.93016653900048, -118.17166320899969)"
592,52471,E Jay D. Delapenha,Respicare,09/22/2014,(559) 432-4455,7560 N. Del Mar Avenue,Fresno,CA,93711,"7560 N. Del Mar Avenue
Fresno, CA 93711
(36.84738966100048, -119.79582566199969)"
593,54187,Lincare Inc.,,08/12/2015,(951) 894-2059,"41765 Elm Street, Ste. 201",Murrieta,CA,92562,"41765 Elm Street, Ste. 201
Murrieta, CA 92562
(33.53232985800048, -117.18424148099967)"
594,52527,"Acute Care Alternatives, Inc.",Ancillary Provider Services,12/02/2014,(626) 820-7400,16644 E. Johnson Drive,City of Industry,CA,91745,"16644 E. Johnson Drive
City of Industry, CA 91745
(34.00274347900046, -117.94586831899971)"
595,52540,"PRN Medical Services, LLC","Symbius Medical, LLC",10/08/2015,(858) 292-5411,"5575 Magnatron Blvd., Suite I",San Diego,CA,92111,"5575 Magnatron Blvd., Suite I
San Diego, CA 92111
(32.83758266800044, -117.14051191699969)"
596,52576,"Thrifty Medical Supply, Inc.",,11/17/2014,(510) 351-8444,2153 Doolittle Dr.,San Leandro,CA,94577,"2153 Doolittle Dr.
San Leandro, CA 94577
(37.705262320000486, -122.18050629399971)"
597,52584,Pomona Valley Hospital Medical Center,PVHMC Sleep Disorders,10/13/2014,(909) 805-9152,"1601 N. Monte Vista Ave., Suite 270",Claremont,CA,91711,"1601 N. Monte Vista Ave., Suite 270
Claremont, CA 91711
(34.112330088000476, -117.69854255099972)"
598,52585,"Assured Medical Supply, Inc.",,10/23/2014,(949) 487-0084,"23541 Ridge Route Drive, Suite A",Laguna Hills,CA,92653,"23541 Ridge Route Drive, Suite A
Laguna Hills, CA 92653
(33.621068953000474, -117.71886089099968)"
599,54191,Blue Note Partners LLC,N2Sleep Homecare,07/27/2015,(925) 730-0081,"3687 Old Santa Rita Road, Suite 201-201",Pleasanton,CA,94588,"3687 Old Santa Rita Road, Suite 201-201
Pleasanton, CA 94588
(37.69827027400049, -121.8788043459997)"
600,52652,SMRT LLC,,11/05/2014,(858) 755-7285,"12250 El Camino Real, Suite 140",San Diego,CA,92130,"12250 El Camino Real, Suite 140
San Diego, CA 92130
(32.937715899000466, -117.23977767799971)"
601,52664,Medequip LLC,Medequip,11/19/2014,(805) 449-1699,"749 Lakefield Road, Unit D",Westlake Village,CA,91361,"749 Lakefield Road, Unit D
Westlake Village, CA 91361
(34.15735977300045, -118.83097669899968)"
602,52671,Southland Medical Supply Inc.,,11/10/2014,(951) 699-6334,"27511 Commerce Center Dr., Ste. C",Temecula,CA,92590,"27511 Commerce Center Dr., Ste. C
Temecula, CA 92590
(33.51496069200044, -117.16352197199967)"
603,52674,SleepCare Source LLC,,11/03/2014,(916) 482-2727,"4633 Whitney Ave., Ste. B",Sacramento,CA,95821,"4633 Whitney Ave., Ste. B
Sacramento, CA 95821
(38.628387546000454, -121.35622841199972)"
604,52683,Advanced Mobility B&G Inc.,,11/10/2014,(209) 722-0877,1543 Yosemite Parkway,Merced,CA,95340,"1543 Yosemite Parkway
Merced, CA 95340
(37.332173113000465, -120.45245172299968)"
605,52726,"PS Medical Supplies, Inc.",,11/16/2014,(909) 593-0160,174 Gentry Street,Pomona,CA,91767,"174 Gentry Street
Pomona, CA 91767
(34.09147263500046, -117.7513297329997)"
606,52735,Arrow-Med Pharmacy Inc.,Arrow-Med Pharmacy,12/16/2014,(818) 340-6600,"7111 Winnetka Ave., # 12",Canoga Park,CA,91306,"7111 Winnetka Ave., # 12
Canoga Park, CA 91306
(34.19990004900046, -118.5710226869997)"
607,52821,"Ames Med Equip, Inc.",Alliance Medical Supply & Rental,11/24/2014,(408) 942-9000,"301 North Jackson Ave., Suite 7 A",San Jose,CA,95133,"301 North Jackson Ave., Suite 7 A
San Jose, CA 95133
(37.36600981200047, -121.85100093799969)"
608,52852,Good Samaritan Medical Supply,,12/08/2014,(650) 583-1700,"90 S. Spruce Ave., Suite E",South San Francisco,CA,94080,"90 S. Spruce Ave., Suite E
South San Francisco, CA 94080
(37.651873011000475, -122.41767028599969)"
609,52874,Guaranteed Medical Supply,,12/07/2014,(510) 793-7079,36393 Newark Blvd.,Newark,CA,94560,"36393 Newark Blvd.
Newark, CA 94560
(37.542485230000466, -122.0351977959997)"
610,52878,North Bay Prosthetics & Orthotics,Napa Valley Prosthetics & Orthotics,12/15/2014,(707) 254-7010,"3273 Claremont Way, Suite # 101",Napa,CA,94558,"3273 Claremont Way, Suite # 101
Napa, CA 94558
(38.321327546000475, -122.30267228799971)"
611,52879,Precise Comfort,Precise Medical Comfort,01/13/2015,(626) 808-0176,"2235 Lake Ave., Suite 107",Altadena,CA,91001,"2235 Lake Ave., Suite 107
Altadena, CA 91001
(34.183822261000444, -118.13164264999972)"
612,52911,"Nuvenet, LLC",Bay City Medical Supplies,01/14/2015,(650) 347-6606,1465 A Chapin Ave.,Burlingame,CA,94010,"1465 A Chapin Ave.
Burlingame, CA 94010
(37.579289702000494, -122.36111756499969)"
613,52948,"AAA Sleep Treatment Partners, Inc.",,01/12/2015,(760) 436-6034,"4403 Manchester Avenue, Suite 103",Encinitas,CA,92024,"4403 Manchester Avenue, Suite 103
Encinitas, CA 92024
(33.035430549000466, -117.23939972899967)"
614,52978,"WP&H, LLC",California Medical Supplies,12/30/2014,(800) 270-6990,"1440 S. State College Blvd., # 5H",Anaheim,CA,92806,"1440 S. State College Blvd., # 5H
Anaheim, CA 92806
(33.81117086500046, -117.88921638399972)"
615,52997,"Bay Area Medical Supply Sales & Rentals, LLC",Bradford Medical Supply,11/24/2014,(408) 230-0000,467 Norwood Circle,Santa Clara,CA,95051,"467 Norwood Circle
Santa Clara, CA 95051
(37.33065319700046, -121.99610548299972)"
616,53001,Quality Team Inc.,Team HomeCare,01/12/2015,(661) 327-5500,3740 N. Sillect Ave. # 1 B,Bakersfield,CA,93308,"3740 N. Sillect Ave. # 1 B
Bakersfield, CA 93308
(35.39422056100045, -119.03598798699971)"
617,53004,"Horizon Oxygen and Medical Equipment, Inc.",,12/31/2014,(760) 962-1316,"15400 Tamarack Drive, Suite B",Victorville,CA,92392,"15400 Tamarack Drive, Suite B
Victorville, CA 92392
(34.501017790000446, -117.3277889629997)"
618,53009,Glory Medical Supply,,01/20/2015,(818) 729-9009,1727 West Burbank Blvd.,Burbank,CA,91506,"1727 West Burbank Blvd.
Burbank, CA 91506
(34.18133001500047, -118.33044359199971)"
619,53036,Therapeutic Pain Management Inc.,Rehab Superstore - I Feel Like A Woman,01/12/2015,(559) 323-7246,6929 North Willow Ave. Ste. 103,Fresno,CA,93710,"6929 North Willow Ave. Ste. 103
Fresno, CA 93710
(36.836960358000454, -119.72970427399969)"
620,53038,Care Medical A California Corp,,01/29/2015,(831) 737-1660,"401 Victor Way, # 1",Salinas,CA,93907,"401 Victor Way, # 1
Salinas, CA 93907
(36.68420927100044, -121.6677408869997)"
621,53039,Folsom Medical Supply LLC,Folsom Medical Supply,02/17/2015,(916) 293-8897,422 East Bidwell Street,Folsom,CA,95630,"422 East Bidwell Street
Folsom, CA 95630
(38.6738459340005, -121.16668083499968)"
622,53065,"Hill-Rom Company, Inc.",,01/19/2015,(714) 771-2934,1412 Batavia Street,Orange,CA,92867,"1412 Batavia Street
Orange, CA 92867
(33.81048221900045, -117.86247025299969)"
623,53069,"Burbank Medical Supply, Inc.",,01/20/2015,(818) 845-2884,4302 W. Victory Blvd.,Burbank,CA,91505,"4302 W. Victory Blvd.
Burbank, CA 91505
(34.18482359300049, -118.35775030199972)"
624,53075,Medical Store,,02/04/2015,(949) 722-1128,"333 E. 17th Street, Suite 23",Costa Mesa,CA,92627,"333 E. 17th Street, Suite 23
Costa Mesa, CA 92627
(33.63236145400049, -117.9143927399997)"
625,53089,McKinlay Enterprises Inc.,The Bone Store,03/11/2015,(559) 739-7500,"5410 W. Cypress, # 101",Visalia,CA,93277,"5410 W. Cypress, # 101
Visalia, CA 93277
(36.325054553000484, -119.35145278899972)"
626,53106,"Pacific Medical, Inc.",Pacific Medical Prosthetics & Orthotics,03/16/2015,(925) 227-1306,"4626 Willow Road, Suite 102",Pleasanton,CA,94588,"4626 Willow Road, Suite 102
Pleasanton, CA 94588
(37.691701115000456, -121.8983435889997)"
627,53107,"Pacific Medical, Inc.",Pacific Medical Prosthetics & Orthotics,02/18/2015,(209) 526-1721,"609 E. Orangeburg Avenue, # 102",Modesto,CA,95350,"609 E. Orangeburg Avenue, # 102
Modesto, CA 95350
(37.66364766200047, -120.98566955999968)"
628,53108,"Pacific Medical, Inc.",Pacific Medical Prosthetics & Orthotics,06/01/2014,(209) 524-3113,"1335 Coffee Road, Suite 210",Modesto,CA,95355,"1335 Coffee Road, Suite 210
Modesto, CA 95355
(37.66283991300048, -120.9757046259997)"
629,53111,"Pacific Medical, Inc.",Pacific Medical Prosthetics & Orthotics,08/31/2014,(916) 788-0530,"1301 Secret Ravine, Suite 100",Roseville,CA,95661,"1301 Secret Ravine, Suite 100
Roseville, CA 95661
(38.763671898000496, -121.2452506999997)"
630,53131,"Braden Partners, L.P.",Pacific Pulmonary Services,02/23/2015,(916) 781-6450,"1166 West National Drive, Suite 30",Sacramento,CA,95834,"1166 West National Drive, Suite 30
Sacramento, CA 95834
(38.64465711700046, -121.48757592099969)"
631,53157,"Merced Medical Supply, Inc.",,02/23/2015,(209) 722-3832,1827 Canal St.,Merced,CA,95340,"1827 Canal St.
Merced, CA 95340
(37.30312633700049, -120.4824070199997)"
632,53181,Naeclear International Inc.,,02/24/2015,(951) 755-7488,"10600 Highland Springs Avenue, Suite SCY",Cherry Valley,CA,92223,"10600 Highland Springs Avenue, Suite SCY
Cherry Valley, CA 92223
(33.96517050500046, -116.94448641499969)"
633,53198,"Pulmocare Respiratory Services, Inc.",,02/17/2015,(888) 785-6622,"9353 Activity Road, Suite F",San Diego,CA,92126,"9353 Activity Road, Suite F
San Diego, CA 92126
(32.897012696000445, -117.12565914399971)"
634,53200,Horizon Oxygen and Medical Equipment Inc.,,03/02/2015,(661) 829-5959,"2809 Unicorn Road, Suite 105",Bakersfield,CA,92313,"2809 Unicorn Road, Suite 105
Bakersfield, CA 92313
(35.43063346500048, -119.0669614089997)"
635,53208,Apria Healthcare LLC,,04/08/2015,(800) 900-0305,1022 N. Lake St.,Burbank,CA,91502,"1022 N. Lake St.
Burbank, CA 91502
(34.18515808800049, -118.3208772269997)"
636,53238,"Jackson Medical Supply, Inc.",Jackson Medical Supply,03/11/2015,(707) 644-4170,"480 Redwood St., # 44",Vallejo,CA,94590,"480 Redwood St., # 44
Vallejo, CA 94590
(38.12305781300046, -122.26014740399972)"
637,54226,"Braden Partners, L.P.",Pacific Pulmonary Services,08/16/2015,(707) 752-6170,"5130 Fulton Drive, Suite P & Q",Fairfield,CA,94534,"5130 Fulton Drive, Suite P &amp; Q
Fairfield, CA 94534
(38.244848954000474, -122.10471878999971)"
638,54227,Abigail's Medical,,08/16/2014,(760) 433-3713,"2249 S. El Camino Real, #D",Oceanside,CA,92054,"2249 S. El Camino Real, #D
Oceanside, CA 92054
(33.18556134700049, -117.32818995799971)"
639,53257,Shields Medical Equipment Inc.,,03/16/2015,(559) 244-0134,519 W. Shields Ave.,Fresno,CA,93705,"519 W. Shields Ave.
Fresno, CA 93705
(36.77934281000046, -119.8180186089997)"
640,53281,Bradley Medical Products Inc.,,03/22/2015,(949) 644-0070,419 1/2 Poppy Ave.,Corona Del Mar,CA,92625,"419 1/2 Poppy Ave.
Corona Del Mar, CA 92625
(33.59400050800048, -117.86674161699972)"
641,53282,"Riverside Medical Supply, Co.",Corona Medical Supply,03/02/2015,(951) 735-7677,"720 S. Ramona Ave., Suite 103",Corona,CA,92879,"720 S. Ramona Ave., Suite 103
Corona, CA 92879
(33.87332609800046, -117.5655023969997)"
642,53283,"Global Medical Equipment and Supplies, Inc.",,03/17/2015,(951) 200-6555,"25136 Hancock Avenue, Suite B",Murrieta,CA,92562,"25136 Hancock Avenue, Suite B
Murrieta, CA 92562
(33.56792071700045, -117.18241593699969)"
643,53312,"Jackson Medical Supply, Inc.",Jackson Medical Supply,03/08/2015,(530) 661-7409,604 Main Street,Woodland,CA,95695,"604 Main Street
Woodland, CA 95695
(38.67743326900046, -121.77286009899973)"
644,53313,"Disabled Mobility Systems, LLC",Better Life Mobility Center,06/03/2015,(619) 474-4072,8130 Parkway Drive,La Mesa,CA,91942,"8130 Parkway Drive
La Mesa, CA 91942
(32.77584680600046, -117.02193880099969)"
645,53328,"Sleep & Research Centers of Southern California, LLC",,04/22/2015,(949) 770-0600,"24012 Calle De La Plata, Suite 350",Laguna Hills,CA,92653,"24012 Calle De La Plata, Suite 350
Laguna Hills, CA 92653
(33.61003431300048, -117.71180070499969)"
646,53388,Medisphere Inc.,Flash Medical,04/01/2015,(909) 592-4633,"482 W. Arrow Highway, Suite E",San Dimas,CA,91773,"482 W. Arrow Highway, Suite E
San Dimas, CA 91773
(34.10312351300047, -117.81607254899967)"
647,53418,Lincare Inc.,,05/05/2015,(530) 841-0503,1530 Lucas Road,Yreka,CA,96097,"1530 Lucas Road
Yreka, CA 96097
(41.7111522350005, -122.64662829499969)"
648,53481,"180 Medical, Inc.",,04/22/2015,(760) 752-1479,1283 Linda Vista,San Marcos,CA,92078,"1283 Linda Vista
San Marcos, CA 92078
(33.137202657000444, -117.19417787199967)"
649,53507,DME Professional Inc.,Professional Inc.,05/17/2015,(949) 302-3910,"18261 Enterprise Ln., # B",Huntington Beach,CA,92648,"18261 Enterprise Ln., # B
Huntington Beach, CA 92648
(33.69732081300049, -117.99842274099967)"
650,53574,Fresno Pharmacy LLC,,04/30/2015,(559) 255-8085,"4917 E. Kings Canyon Rd., Suite # 102",Fresno,CA,93727,"4917 E. Kings Canyon Rd., Suite # 102
Fresno, CA 93727
(36.73602853700049, -119.7312091549997)"
651,53663,"ITC Medical Supplies, Inc.",,05/24/2015,(415) 606-7100,1635 Divisadero # 105,San Francisco,CA,94115,"1635 Divisadero # 105
San Francisco, CA 94115
(37.78467412600048, -122.43977315999967)"
652,53670,Horizon Oxygen and Medical Equipment Inc.,,05/19/2015,(510) 353-1834,"4037 Clipper Ct., # 7",Fremont,CA,94538,"4037 Clipper Ct., # 7
Fremont, CA 94538
(37.479335577000484, -121.94715424699967)"
653,53671,Abundant Healthcare Corp.,Accu Care Home Medical Equipment,05/19/2015,(760) 746-2331,"941 East Valley Pky, # 100",Escondido,CA,92025,"941 East Valley Pky, # 100
Escondido, CA 92025
(33.12893476200048, -117.07030813499972)"
654,53700,"AAA Healthcare Products, Inc.",,04/08/2015,(818) 882-3131,18529 Roscoe Blvd.,Northridge,CA,91324,"18529 Roscoe Blvd.
Northridge, CA 91324
(34.220757525000465, -118.5372500369997)"
655,53702,"Remedy Medical Equipment, Inc.",,04/30/2015,(559) 627-1800,"6743 W. Pershing Ave., Unit A",Visalia,CA,93291,"6743 W. Pershing Ave., Unit A
Visalia, CA 93291
(36.339107338000474, -119.36580870899968)"
656,53705,"Schraders Medical Supply, Inc.",,05/26/2015,(909) 447-7040,5507 Brooks Street,Montclair,CA,91763,"5507 Brooks Street
Montclair, CA 91763
(34.06168269300048, -117.6846886669997)"
657,53722,Central Home Medical Inc.,,05/12/2015,(760) 352-3456,598 Broadway,El Centro,CA,92243,"598 Broadway
El Centro, CA 92243
(32.79389845400044, -115.55666958999967)"
658,53723,"Venture Dynamic, Inc.",Ability Medical Supplies,06/25/2015,(805) 477-9900,"1868 Palma Dr., Unit G",Ventura,CA,93003,"1868 Palma Dr., Unit G
Ventura, CA 93003
(34.25602193500049, -119.2274257839997)"
659,53724,"Braden Partners, L.P.",Pacific Pulmonary Services,06/09/2015,(805) 594-5501,"755 Fiero Lane, Suite G",San Luis Obispo,CA,93401,"755 Fiero Lane, Suite G
San Luis Obispo, CA 93401
(35.24414092000046, -120.6427557829997)"
660,53753,"We Care Medical Supplies, Inc.",,06/01/2015,(323) 731-7400,2267 W. Washington Blvd.,Los Angeles,CA,90018,"2267 W. Washington Blvd.
Los Angeles, CA 90018
(34.039948619000484, -118.3108328559997)"
661,53785,Hayward Medical Market,Concord Medical Market,06/07/2015,(925) 682-7722,"3375 Port Chicago Hwy., Suite 45",Concord,CA,94520,"3375 Port Chicago Hwy., Suite 45
Concord, CA 94520
(37.99503930300045, -122.03106456099971)"
662,53792,Juan C. Cifuentes,People's Care Medical Supply,05/17/2015,(818) 760-2461,10938 Vanowen St.,North Hollywood,CA,91605,"10938 Vanowen St.
North Hollywood, CA 91605
(34.19393353400045, -118.36936875899971)"
663,53865,"Quality Medical Equipment & Supply, Inc.",,06/22/2015,(818) 396-0255,"1614 Victory Blvd., Suite 105",Glendale,CA,91201,"1614 Victory Blvd., Suite 105
Glendale, CA 91201
(34.16006681900046, -118.29873618899973)"
664,53867,Advanced DME Services,Advanced Homecare,06/07/2015,(800) 758-7571,"27349 Jefferson Ave., #100",Temecula,CA,92590,"27349 Jefferson Ave., #100
Temecula, CA 92590
(33.52011024000046, -117.1643608339997)"
665,53265,Ehlers Health Supply,,09/01/2014,(209) 368-8845,217 N. Sacramento St.,Lodi,CA,95240,"217 N. Sacramento St.
Lodi, CA 95240
(38.13723433600046, -121.27210377299969)"
666,53869,Joerns LLC,,06/17/2015,(800) 966-6662,19748 Dearborn Street,Chatsworth,CA,91311,"19748 Dearborn Street
Chatsworth, CA 91311
(34.23728352800049, -118.56383014399972)"
667,53955,"Orange Coast Respiratory Care Services, Inc.",,07/07/2015,(714) 447-0282,1090 North Armando Street,Anaheim,CA,92806,"1090 North Armando Street
Anaheim, CA 92806
(33.84998268300046, -117.86025847099972)"
668,53957,Sizewise Rentals LLC,,07/09/2015,(323) 255-5754,"3235 San Fernando Road, Unit 1F",Los Angeles,CA,90065,"3235 San Fernando Road, Unit 1F
Los Angeles, CA 90065
(34.11702343000047, -118.24794198499967)"
669,53959,Sizewise Rentals LLC,,07/26/2015,(916) 646-1000,"930 Striker Ave., Suite B",Sacramento,CA,95834,"930 Striker Ave., Suite B
Sacramento, CA 95834
(38.651003381000464, -121.4834299529997)"
670,53960,"Dependable Medical Equipment, Inc.",Irma Express,06/01/2015,(818) 255-0888,"12547 Sherman Way, # I",North Hollywood,CA,91605,"12547 Sherman Way, # I
North Hollywood, CA 91605
(34.201227478000476, -118.4068490299997)"
671,53997,"KCI USA, Inc.",,06/28/2015,(805) 983-7405,"2350 Eastman Avenue, Suite 105",Oxnard,CA,93030,"2350 Eastman Avenue, Suite 105
Oxnard, CA 93030
(34.198973615000455, -119.14500997899972)"
672,54098,Allstar Medical Supply,,07/26/2014,(925) 932-3100,1930 Mt. Diablo Blvd.,Walnut Creek,CA,94596,"1930 Mt. Diablo Blvd.
Walnut Creek, CA 94596
(37.89739839900045, -122.06697196699969)"
673,54110,Riverside Medical Supply Co.,,07/15/2015,(951) 343-0428,10280 Indiana Ave.,Riverside,CA,92503,"10280 Indiana Ave.
Riverside, CA 92503
(33.90588112300048, -117.45581700699972)"
674,54124,"FWL Medical, LLC",,08/31/2015,(805) 896-7594,1109 W. Hwy 246,Buellton,CA,93427,"1109 W. Hwy 246
Buellton, CA 93427
(34.624305921000484, -120.2242380559997)"
675,54130,Health Care 21 Family LP,Health Care 21,06/21/2015,(626) 284-8188,"846 W. Valley Blvd., Suite A - B",Alhambra,CA,91803,"846 W. Valley Blvd., Suite A - B
Alhambra, CA 91803
(34.07800774900045, -118.13238540699967)"
676,54170,JBAENS Corporation,Always Available DME,07/22/2015,(925) 689-6887,3532 Clayton Rd.,Concord,CA,94517,"3532 Clayton Rd.
Concord, CA 94517
(37.970513360000496, -122.01142824799967)"
677,54291,Lillian Llamas,Action Medical Products,08/19/2014,(858) 292-9373,7548 Victoria Ct.,San Diego,CA,92114,"7548 Victoria Ct.
San Diego, CA 92114
(32.71724751500045, -117.0354193449997)"
678,54292,Taylor Marketing Services,,08/25/2014,(916) 721-7518,"6380 Tupelo Dr., Suite 4",Citrus Heights,CA,95621,"6380 Tupelo Dr., Suite 4
Citrus Heights, CA 95621
(38.70410052700049, -121.31536388999967)"
679,54295,Prohealth Medical Supply Inc.,,08/18/2014,(323) 255-3504,"4509 Eagle Rock Blvd., Suite B",Los Angeles,CA,90041,"4509 Eagle Rock Blvd., Suite B
Los Angeles, CA 90041
(34.12640982000045, -118.21894297799969)"
680,54296,"A & T Medical Equipment, Inc.",Harmony Healthcare Supply,08/25/2014,(626) 462-1400,34 E. Huntington Dr.,Arcadia,CA,91006,"34 E. Huntington Dr.
Arcadia, CA 91006
(34.140036584000484, -118.0298529589997)"
681,54297,Lincare Inc.,,09/16/2015,(760) 961-2066,"13455 Malakai Rd., Suite 6",Apple Valley,CA,92308,"13455 Malakai Rd., Suite 6
Apple Valley, CA 92308
(34.49595120700047, -117.17704630299971)"
682,54330,Qualium Corp.,CPAP Specialists,08/26/2014,(866) 887-6673,"14981 National Ave., Ste. 1",Los Gatos,CA,95032,"14981 National Ave., Ste. 1
Los Gatos, CA 95032
(37.25102130500045, -121.95129209099969)"
683,54334,"Respicare, Inc.",,08/19/2014,(209) 384-8167,"3337 G Street, Ste. A",Merced,CA,95340,"3337 G Street, Ste. A
Merced, CA 95340
(37.324511535000454, -120.4693343829997)"
684,54338,"Braden Partners, L.P.",Pacific Pulmonary Services,08/26/2015,(530) 671-5601,"1100 Garden Highway, Suite # 1500",Yuba City,CA,95991,"1100 Garden Highway, Suite # 1500
Yuba City, CA 95991
(39.11164532000049, -121.61717415099969)"
685,54341,"Alere Home Monitoring, Inc.",,10/26/2014,(877) 262-4669,"6465 National Drive, Suite B",Livermore,CA,94550,"6465 National Drive, Suite B
Livermore, CA 94550
(37.700525290000485, -121.71289420199969)"
686,54736,Alcam Medical Inc.,,11/22/2014,(951) 782-7000,3369 Chicago Ave.,Riverside,CA,92507,"3369 Chicago Ave.
Riverside, CA 92507
(33.98174925300049, -117.34850487399967)"
687,54389,"Accurate Medical Services, LLC.",,11/02/2014,(714) 771-5826,"1401 N. Batavia, Suite # 102",Orange,CA,92867,"1401 N. Batavia, Suite # 102
Orange, CA 92867
(33.81044031900046, -117.86240624299973)"
688,63529,"James Consolidated, Inc.",,10/19/2014,(925) 691-5117,"1000 Detroit Ave., Unit R",Concord,Ca,94518,"1000 Detroit Ave., Unit R
Concord, Ca 94518
(37.952933774000485, -122.0281596589997)"
689,54420,"Brannons Rentals & Sales, Inc.",Brannons Medical,10/07/2014,(831) 899-1200,"1 John St., Ste. B",Sand City,CA,93955,"1 John St., Ste. B
Sand City, CA 93955
(36.61321258000049, -121.85244359599972)"
690,54449,"Rahab and Associates, LLC",Rahab Medical Supply,09/20/2014,(510) 727-9636,826 B Street,Hayward,CA,94541,"826 B Street
Hayward, CA 94541
(37.67171998600048, -122.08471884499971)"
691,54454,LCTC Incorporated,All Care Equipment and Supplies / ACES,09/23/2014,(559) 226-2237,"5084 N. Fruit Ave., Suite #105",Fresno,CA,93711,"5084 N. Fruit Ave., Suite #105
Fresno, CA 93711
(36.80985042700047, -119.81736775099972)"
692,54459,"Bright Rehab Solutions, Inc.",,09/21/2014,(800) 581-9504,"1400 Easton Drive, Ste. # 123",Bakersfield,CA,93309,"1400 Easton Drive, Ste. # 123
Bakersfield, CA 93309
(35.36988667400044, -119.04523850599969)"
693,54485,Comfort Care Enterprises LLC,Comfort Care Providers,09/23/2015,(888) 469-0222,530 N Puente St.,Brea,CA,92821,"530 N Puente St.
Brea, CA 92821
(33.92611097600047, -117.91560594299972)"
694,54535,Apria Healthcare LLC,,10/14/2014,(858) 653-6800,10090 Willow Creek Road,San Diego,CA,92131,"10090 Willow Creek Road
San Diego, CA 92131
(32.90142478300044, -117.10940275199971)"
695,54544,"Medical Specialties Distributors, LLC",,11/19/2014,(626) 912-8863,18543-18545 E. Gale,City of Industry,CA,91748,"18543-18545 E. Gale
City of Industry, CA 91748
(33.99560887400048, -117.89913372999968)"
696,54552,Jackson Medical Supply Inc.,Jackson Medical Supply,10/05/2014,(707) 446-7014,506 Main Street,Vacaville,CA,95688,"506 Main Street
Vacaville, CA 95688
(38.35662303200047, -121.98734929299968)"
697,54553,"Electromed, Inc.",,12/01/2014,(805) 584-2445,"4590 Ish Drive, Suite #150",Simi Valley,CA,93063,"4590 Ish Drive, Suite #150
Simi Valley, CA 93063
(34.26880403300049, -118.70644133399969)"
698,54642,Medpac Medical inc.,,11/18/2014,(360) 644-5900,"14623 Hawthorne Blvd., # 308",Lawndale,CA,90260,"14623 Hawthorne Blvd., # 308
Lawndale, CA 90260
(33.89856107000048, -118.35278281499967)"
699,54649,"Specialized Orthopedic Solutions, Inc.",SOS Medical,12/01/2014,(323) 960-2400,"6851 Canby Street, Suite 102",Reseda,CA,91335,"6851 Canby Street, Suite 102
Reseda, CA 91335
(34.194498085000475, -118.5347707359997)"
700,54664,Remedy Medical Supply Inc.,,11/02/2014,(805) 267-1858,"3717 E. Thousand Oaks Blvd., Suite 212",Westlake Village,CA,91362,"3717 E. Thousand Oaks Blvd., Suite 212
Westlake Village, CA 91362
(34.16410367600048, -118.82862851699969)"
701,54667,"Kazak Enterprise, Inc.",Diablo Medical Supply,10/28/2014,(925) 947-6099,1147 Alpine Rd.,Walnut Creek,CA,94596,"1147 Alpine Rd.
Walnut Creek, CA 94596
(37.89677386200049, -122.06678760199969)"
702,54673,Novart Oghamian,Nora's Medical Supply,12/01/2014,(818) 507-7070,1018 E. Broadway Ave.,Glendale,CA,91205,"1018 E. Broadway Ave.
Glendale, CA 91205
(34.14623427000049, -118.24271038299969)"
703,54948,Sunrise Respiratory Care,,01/18/2015,(949) 398-6555,"17951 Sky Park Circle, Suite B",Irvine,CA,92614,"17951 Sky Park Circle, Suite B
Irvine, CA 92614
(33.690385809000475, -117.86110259699967)"
704,54682,Dr. Med Inc.,Dr. Pharmacy,12/08/2014,(818) 991-1901,"706 Lindero Canyon Rd., Suite # 776",Oak Park,CA,91377,"706 Lindero Canyon Rd., Suite # 776
Oak Park, CA 91377
(34.18849100600045, -118.7849992669997)"
705,54683,Butte Therapy Systems,,11/05/2014,(209) 754-0254,620 E. St. Charles,San Andreas,CA,95249,"620 E. St. Charles
San Andreas, CA 95249
(38.18806575400049, -120.6743504099997)"
706,54684,"Omega DME, LLC",,11/17/2014,(858) 748-9600,21977 Mikhail Street,Santa Clarita,CA,91390,"21977 Mikhail Street
Santa Clarita, CA 91390
(34.461796421000486, -118.51954219099969)"
707,54694,"Access Healthcare Services & Supplies, LLC",,11/08/2014,(510) 741-8306,"4175 Lakeside Drive, Suite 130",Richmond,CA,94806,"4175 Lakeside Drive, Suite 130
Richmond, CA 94806
(37.988927601000455, -122.33060252399969)"
708,54695,"National Seating & Mobility, Inc.",,12/15/2014,(209) 954-9311,"8026 Lorraine Avenue, Suite 210",Stockton,CA,95210,"8026 Lorraine Avenue, Suite 210
Stockton, CA 95210
(38.022647976000485, -121.28209059999972)"
709,54703,Compliance Medical Services LLC,"JRE Medical, Inc.",10/05/2014,(805) 577-1101,"25 West Easy St., Ste. # 305",Simi Valley,CA,93065,"25 West Easy St., Ste. # 305
Simi Valley, CA 93065
(34.27824829900044, -118.79528783899968)"
710,54790,"Hayward Medical Market, Inc.",,12/13/2014,(510) 537-7722,22656 Foothill Blvd.,Hayward,CA,94541,"22656 Foothill Blvd.
Hayward, CA 94541
(37.67340403200046, -122.08042946599971)"
711,54805,"Sierra-Pacific Technology, Inc.",Sierra-Pacific Health Supply,12/16/2014,(209) 472-1136,"4873 West Lane, Suite C",Stockton,CA,95210,"4873 West Lane, Suite C
Stockton, CA 95210
(37.99857796000049, -121.28943985299969)"
712,54835,MJ Medical Incorporated,"MJ Medical, MJ Medical Inc.",03/14/2015,(619) 644-2695,"8893 La Mesa Blvd., Suite E",La Mesa,CA,91941,"8893 La Mesa Blvd., Suite E
La Mesa, CA 91941
(32.773089396000444, -117.00543812599972)"
713,54899,B & B Medical Services Inc.,,01/06/2015,(530) 274-3100,"1050 Whispering Pines Lane, Ste. A",Grass Valley,CA,95945,"1050 Whispering Pines Lane, Ste. A
Grass Valley, CA 95945
(39.222380674000476, -121.0316948309997)"
714,54901,American HomePatient Inc.,American HomePatient,01/05/2015,(951) 248-1271,"3763 Arlington Ave., Ste. 104",Riverside,CA,92506,"3763 Arlington Ave., Ste. 104
Riverside, CA 92506
(33.94626784200045, -117.39944936899968)"
715,54902,Qualium Corp.,CPAP Specialists,01/18/2015,(866) 887-6673,"1375 Sutter St., # 216",San Francisco,CA,94109,"1375 Sutter St., # 216
San Francisco, CA 94109
(37.787383140000486, -122.42289683999968)"
716,54936,GIMAG Corp,GIMAG Medical Equipment & Supplies,12/23/2014,(925) 273-7700,4175 First Street,Livermore,CA,94551,"4175 First Street
Livermore, CA 94551
(37.69388699400048, -121.7477023299997)"
717,54940,National Colon Health Center,,02/01/2015,(530) 241-1500,"3310 Churn Creek Rd., Suite A",Redding,CA,96002,"3310 Churn Creek Rd., Suite A
Redding, CA 96002
(40.55933992900049, -122.35307547499968)"
718,54968,"Lifecare Solutions, Inc.",,02/22/2015,(805) 639-0171,"5757 Olivas Park Dr., Suites D & E",Ventura,CA,93003,"5757 Olivas Park Dr., Suites D &amp; E
Ventura, CA 93003
(34.26679220300048, -119.22540964999968)"
719,54964,All Desert Respiratory,High Desert Respiratory,11/05/2014,(661) 974-8009,"42247 12th Street West, #115",Lancaster,CA,93534,"42247 12th Street West, #115
Lancaster, CA 93534
(34.650292669000464, -118.15223753299972)"
720,54970,"Lifecare Solutions, Inc.",,02/01/2015,(559) 252-0214,"4910 E. Ashlan Ave., Ste. 118",Fresno,CA,93726,"4910 E. Ashlan Ave., Ste. 118
Fresno, CA 93726
(36.794112758000495, -119.73088997199972)"
721,54974,"Lifecare Solutions, Inc.",,03/01/2015,(805) 544-2210,"174 Suburban Rd., Ste. 100",San Luis Obispo,CA,93401,"174 Suburban Rd., Ste. 100
San Luis Obispo, CA 93401
(35.24405750000045, -120.67045941199967)"
722,54975,"Lifecare Solutions, Inc.",,02/23/2015,(760) 568-3783,"72-216 Northshore St., Ste. 104",Thousand Palms,CA,92276,"72-216 Northshore St., Ste. 104
Thousand Palms, CA 92276
(33.82486227800047, -116.40207686499969)"
723,54977,"Lifecare Solutions, Inc.",,02/28/2015,(760) 245-6763,"12402 Industrial Blvd., Bldg. F,  Ste. 1 & 2",Victorville,CA,92395,"12402 Industrial Blvd., Bldg. F, Ste. 1 &amp; 2
Victorville, CA 92395
(34.50265213700044, -117.30174970999968)"
724,54978,"Lifecare Solutions, Inc.",,02/01/2015,(559) 636-0505,7123 W. Pershing Ct.,Visalia,CA,93291,"7123 W. Pershing Ct.
Visalia, CA 93291
(36.339173461000485, -119.37039975899972)"
725,54979,"Lifecare Solutions, Inc.",,02/15/2015,(951) 696-0953,"24335 Prielipp Rd., Ste. 116",Wildomar,CA,92595,"24335 Prielipp Rd., Ste. 116
Wildomar, CA 92595
(33.59043284700044, -117.23506945499969)"
726,54981,"Lifecare Solutions, Inc.",,02/04/2015,(209) 724-9078,"3368 N. State Hwy, 59, Ste. L",Merced,CA,95348,"3368 N. State Hwy, 59, Ste. L
Merced, CA 95348
(37.32851987100048, -120.50463827799967)"
727,54982,"Lifecare Solutions, Inc.",,01/20/2015,(209) 579-7743,"500 Glass Lane, Ste. H",Modesto,CA,95356,"500 Glass Lane, Ste. H
Modesto, CA 95356
(37.70544322800049, -121.0004095489997)"
728,54914,"Lifecare Solutions, Inc.",,02/14/2015,(626) 683-5401,170 N. Daisy Ave.,Pasadena,CA,91107,"170 N. Daisy Ave.
Pasadena, CA 91107
(34.14935981600047, -118.0929363519997)"
729,54985,"Lifecare Solutions, Inc.",,02/01/2015,(858) 565-1800,10119 Carroll Canyon Rd.,San Diego,CA,92131,"10119 Carroll Canyon Rd.
San Diego, CA 92131
(32.90398248600047, -117.10948681799971)"
730,54986,Ambulatory Care Surg. Ctr. Inc.,Ambulatory Care Sleep Center,12/08/2014,(858) 974-7200,5225 Kearny Villa Way,San Diego,CA,92123,"5225 Kearny Villa Way
San Diego, CA 92123
(32.82983927500044, -117.14015715399972)"
731,54935,"North Coast Medical, Inc.",,02/01/2015,(408) 776-5000,8100 Camino Arroyo Drive,Gilroy,CA,95020,"8100 Camino Arroyo Drive
Gilroy, CA 95020
(37.01886878400046, -121.56010278499969)"
732,55053,"Direct Health Medical Center, Inc.",San Diego Spine & Rehab,01/29/2015,(858) 573-0550,"3772 Mission Ave., Suite # 122",Oceanside,CA,92058,"3772 Mission Ave., Suite # 122
Oceanside, CA 92058
(33.22494288300044, -117.33215956799972)"
733,55054,"Direct Health Medical Center, Inc.",San Diego Spine & Rehab,01/26/2015,(858) 573-0550,"9610 Granite Ridge Drive, Suite C",San Diego,CA,92123,"9610 Granite Ridge Drive, Suite C
San Diego, CA 92123
(32.80471607600049, -117.12110186899969)"
734,55072,"Braden Partners, L.P.",Pacific Pulmonary Services,02/03/2015,(760) 736-4284,"2420 Grand Avenue, Suite A",Vista,CA,92081,"2420 Grand Avenue, Suite A
Vista, CA 92081
(33.15532316800045, -117.22351091499968)"
735,55076,"Classic Sleepcare, LLC",,02/02/2015,(818) 707-2454,"30851 Agoura Rd., # 202",Agoura Hills,CA,91301,"30851 Agoura Rd., # 202
Agoura Hills, CA 91301
(34.14474838500047, -118.79282541299972)"
736,55102,Butte Therapy Systems,,02/02/2015,(530) 671-5144,1695-A Sierra Ave.,Yuba City,CA,95993,"1695-A Sierra Ave.
Yuba City, CA 95993
(39.1404355680005, -121.65144951999969)"
737,55117,"Americare Respiratory Services, Inc.",,03/01/2015,(866) 344-2774,"1920 E Deere St., Suite # 110",Santa Ana,CA,92705,"1920 E Deere St., Suite # 110
Santa Ana, CA 92705
(33.70481349300047, -117.84899466099972)"
738,55123,"Special Respiratory Care, Inc",SRC Medical,02/09/2015,(818) 717-8631,18327 Napa St.,Northridge,CA,91325,"18327 Napa St.
Northridge, CA 91325
(34.226487800000484, -118.53260906699973)"
739,55142,"M&M Medical Supplies, Inc.",A to Z Medical Supplies & Uniforms,02/24/2015,(650) 758-1320,11 St. Francis Square,Daly City,CA,94015,"11 St. Francis Square
Daly City, CA 94015
(37.675308706000465, -122.47972557599968)"
740,55152,Abundant Home Care Inc.,,02/16/2015,(858) 748-2288,12545 Kirkham Court,Poway,CA,92064,"12545 Kirkham Court
Poway, CA 92064
(32.94369393800048, -117.0507919369997)"
741,55153,"Carenet Medical, Inc.",,02/04/2015,(951) 284-0480,"1100 Olympic Drive, # 106",Corona,CA,92881,"1100 Olympic Drive, # 106
Corona, CA 92881
(33.85949295600045, -117.54390978799972)"
742,55154,AR Mobility,,02/10/2015,(714) 841-6360,"16582 Gothard Street, Unit C",Huntington Beach,CA,92647,"16582 Gothard Street, Unit C
Huntington Beach, CA 92647
(33.72181428400046, -118.00011361099968)"
743,55155,Joerns LLC,,02/24/2015,(858) 547-4828,"7965 Silverton Avenue, Suite 1312",San Diego,CA,92126,"7965 Silverton Avenue, Suite 1312
San Diego, CA 92126
(32.89065325300044, -117.14958397099969)"
744,55156,Medcare Health Inc.,Medcare,02/15/2015,(559) 435-7865,1205 11th Street,Reedley,CA,93654,"1205 11th Street
Reedley, CA 93654
(36.59987491800047, -119.44584656299969)"
745,55157,Dinuba Medical Supply,,02/24/2015,(559) 595-0580,301 E. Tulare St.,Dinuba,CA,93618,"301 E. Tulare St.
Dinuba, CA 93618
(36.54255465900047, -119.3880262139997)"
746,55217,Definiti Healthcare Management,,03/21/2015,(949) 716-1890,26445 Rancho Parkway South,Lake Forest,CA,92630,"26445 Rancho Parkway South
Lake Forest, CA 92630
(33.67535601700047, -117.67304601099971)"
747,55218,"Cindy's DME, Inc.",,03/01/2015,(661) 871-6226,4301 Flintridge Dr.,Bakersfield,CA,93306,"4301 Flintridge Dr.
Bakersfield, CA 93306
(35.39328670900045, -118.9334730059997)"
748,55221,"Hospice Solutions, Inc.",Elite Healthcare Partners,03/09/2015,(951) 300-9343,"72056 North Shore, Suite A",Thousand Palms,CA,92276,"72056 North Shore, Suite A
Thousand Palms, CA 92276
(33.82502820600047, -116.40475937599967)"
749,55223,Apria Healthcare LLC,,04/07/2015,(818) 442-6104,7929 Ruffner Ave.,Van Nuys,CA,91406,"7929 Ruffner Ave.
Van Nuys, CA 91406
(34.21449946000047, -118.49688256999968)"
750,55224,"Medical Dynamics Enterprises, Inc.",,04/07/2015,(707) 588-8850,"613 Martin Ave., Suite 100",Rohnert Park,CA,94928,"613 Martin Ave., Suite 100
Rohnert Park, CA 94928
(38.354716006000444, -122.72509081199968)"
751,55225,"Good Health, Inc.",Edwin's Prescription Pharmacy,02/16/2015,(818) 761-6131,12500 Burbank Blvd.,Valley Village,CA,90607,"12500 Burbank Blvd.
Valley Village, CA 90607
(34.17210509100045, -118.40536429099967)"
752,55273,Live Well Medical Supplies,Live Well Medical Supplies,03/04/2015,(951) 656-3700,"7338 Sycamore Canyon Blvd., Suite # 1",Riverside,CA,92508,"7338 Sycamore Canyon Blvd., Suite # 1
Riverside, CA 92508
(33.91806781600047, -117.29207873499968)"
753,55285,"Hospice Solutions, Inc.",Elite Healthcare Partners,03/16/2015,(951) 300-9343,15330 Cholame,Victorville,CA,92392,"15330 Cholame
Victorville, CA 92392
(34.50217813800049, -117.32935952299971)"
754,55324,"Academy Medical Equipment, Inc.",,03/15/2015,(858) 866-0682,8940 Activity Road Suite K,San Diego,CA,92126,"8940 Activity Road Suite K
San Diego, CA 92126
(32.89632571700048, -117.13421328199968)"
755,55337,"VerusCare, Inc",,03/08/2015,(530) 273-7996,10120 Alta Sierra Drive,Grass Valley,CA,95949,"10120 Alta Sierra Drive
Grass Valley, CA 95949
(39.1411541060005, -121.06929410699968)"
756,55425,"Lift & Transfer Specialists, Inc",,05/25/2015,(925) 240-8474,7893 Brentwood Blvd,Brentwood,CA,94513,"7893 Brentwood Blvd
Brentwood, CA 94513
(37.94126388000046, -121.69625120399968)"
757,55427,Ashli Healthcare Inc,,04/29/2015,(888) 831-7977,"323 W. Cromwell Avenue, Suite 117",Fresno,CA,93711,"323 W. Cromwell Avenue, Suite 117
Fresno, CA 93711
(36.847542442000474, -119.7974948639997)"
758,55430,"H&H Drug Stores, Inc",Western Drug Medical Supply,04/14/2015,(209) 931-5200,4674 Waterloo Rd.,Stockton,CA,95215,"4674 Waterloo Rd.
Stockton, CA 95215
(37.98927963800048, -121.24288530499967)"
759,55507,"West Coast Medical Equipment & Repair, Inc.",,04/12/2015,(818) 837-4330,12843 Foothill Blvd Unit D,Sylmar,ca,91342,"12843 Foothill Blvd Unit D
Sylmar, ca 91342
(34.29306203300047, -118.41466956699969)"
760,55508,"Electronic Waveform Lab, Inc",,04/18/2015,(714) 843-0463,5702 Bolsa Ave.,Huntington Beach,CA,92649,"5702 Bolsa Ave.
Huntington Beach, CA 92649
(33.74435350000044, -118.02926932499969)"
761,55509,Respiratory Care Plus,,03/22/2015,(559) 252-0100,2594 N Fordham Ave Suite B,Fresno,CA,93727,"2594 N Fordham Ave Suite B
Fresno, CA 93727
(36.77378996400046, -119.68751462799969)"
762,55523,"Mobility Equipment, Inc.",Independent Mobility Repair,04/07/2015,(209) 751-1680,4067 Calloway Court Unit B6,Stockton,CA,95215,"4067 Calloway Court Unit B6
Stockton, CA 95215
(37.99483074000045, -121.2521220539997)"
763,55525,"Fresno Medical Supply, Inc.",,04/14/2015,(559) 221-9911,"3180 E. Shields Ave, Suite #108",Fresno,CA,93726,"3180 E. Shields Ave, Suite #108
Fresno, CA 93726
(36.77949260800045, -119.77090987199972)"
764,55526,Pain Medicine Consultants,,04/21/2015,(925) 400-4040,5924 Stoneridge Dr. #102,Pleasanton,CA,94588,"5924 Stoneridge Dr. #102
Pleasanton, CA 94588
(37.69132316700046, -121.8985602189997)"
765,55527,Pain Medicine Consultants,,04/27/2015,(415) 878-0255,100 Rowland Way # 200,Novato,CA,94945,"100 Rowland Way # 200
Novato, CA 94945
(38.09698052300047, -122.55872436299973)"
766,55576,Super Care Inc.,,04/14/2015,(860) 206-4880,"1960 Chicago Ave, Suite E-5",Riverside,CA,92507,"1960 Chicago Ave, Suite E-5
Riverside, CA 92507
(33.99343995500044, -117.34833645199967)"
767,55591,"Wilbur Home Health Care & Medical Supply, INC",,04/05/2015,(626) 458-1500,415 W. Las Tunas Dr.,San Gabriel,CA,91776,"415 W. Las Tunas Dr.
San Gabriel, CA 91776
(34.102494257000444, -118.10479069499968)"
768,55618,"Custom Rehab Bracing and Medical Supply, LLC",,04/20/2015,(408) 660-0120,721 River Park Dr.,San Jose,CA,95111,"721 River Park Dr.
San Jose, CA 95111
(37.28290840000045, -121.8183879069997)"
769,55619,"Access Healthcare Services & Supplies, LLC",,05/06/2014,(559) 408-7473,7210 N. Milburn Ave Suite 106,Fresno,CA,93722,"7210 N. Milburn Ave Suite 106
Fresno, CA 93722
(36.84018213800044, -119.87898468799972)"
770,55636,P and R Medical Inc,,04/19/2015,(323) 654-9779,7860 Santa Monica Blvd,West Hollywood,CA,90046,"7860 Santa Monica Blvd
West Hollywood, CA 90046
(34.09080675200045, -118.3607782099997)"
771,55637,Nobel Medical Supplies Inc,,04/18/2015,(951) 842-6021,12362 Perris Blvd,Moreno Valley,CA,92557,"12362 Perris Blvd
Moreno Valley, CA 92557
(33.94120506900049, -117.2263559589997)"
772,55639,"Lifecare Solutions, Inc",,04/21/2015,(626) 960-9600,"1773 W. San Bernardino Rd., Unit 16, 17",West Covina,CA,91790,"1773 W. San Bernardino Rd., Unit 16, 17
West Covina, CA 91790
(34.09010482000048, -117.94177415399969)"
773,55640,"Medequip, Inc",,05/27/2015,(949) 443-4414,27 Brookline,Aliso Viejo,CA,92656,"27 Brookline
Aliso Viejo, CA 92656
(33.59084536400047, -117.72991687999968)"
774,55641,ABT Medical Supply Inc,,05/05/2015,(619) 698-6808,4915 Mercury St,San Diego,CA,92111,"4915 Mercury St
San Diego, CA 92111
(32.831511237000484, -117.14882692199967)"
775,55642,Progressive Orthopedic Solutions,,04/28/2015,(562) 777-9010,11643 Telegraph Rd,Santa Fe Springs,CA,90670,"11643 Telegraph Rd
Santa Fe Springs, CA 90670
(33.94694653600044, -118.0848185269997)"
776,55643,Med Solutions LLC,,04/25/2015,(925) 634-7791,"8157 Brentwood Blvd, Ste. B",Brentwood,CA,94513,"8157 Brentwood Blvd, Ste. B
Brentwood, CA 94513
(37.93723278200048, -121.69629442999968)"
777,55662,"Medical Distributors, Inc",,06/14/2015,(800) 787-5114,24 Hammond. #C,Irvine,CA,92618,"24 Hammond. #C
Irvine, CA 92618
(33.66067479400044, -117.70277257699968)"
778,55671,United Health Services,,05/05/2015,(888) 358-1335,"6944 Reseda Blvd, 2nd Floor",Reseda,CA,91335,"6944 Reseda Blvd, 2nd Floor
Reseda, CA 91335
(34.19700090800046, -118.53600599399971)"
779,55706,"Eastside Medical Supply, Inc",,04/20/2015,(661) 272-0004,2720 E Palmdale Blvd Suite 124,Palmdale,CA,93550,"2720 E Palmdale Blvd Suite 124
Palmdale, CA 93550
(34.58016341800044, -118.08063919999972)"
780,55713,Elixair Medical Inc,,04/28/2015,(562) 758-4500,"12035 Burke Street, Unit 13",Santa Fe Springs,CA,90670,"12035 Burke Street, Unit 13
Santa Fe Springs, CA 90670
(33.96180131000045, -118.05983783699969)"
781,55714,Apple West Home Medical Supply,,04/26/2015,(510) 868-9175,4000 Harlan Street,Emeryville,CA,94608,"4000 Harlan Street
Emeryville, CA 94608
(37.830444861000444, -122.28323391399971)"
782,55716,"Braden Partners, L.P.",Pacific Pulmonary Services,05/12/2015,(510) 562-5501,2122 Adams Avenue,San Leandro,CA,94577,"2122 Adams Avenue
San Leandro, CA 94577
(37.723778336000464, -122.19310534299973)"
783,55718,"Braden Partners, L.P.",Pacific Pulmonary Services,06/14/2015,(209) 754-4991,"780 Industrial Way, Suite B",San Andreas,CA,95249,"780 Industrial Way, Suite B
San Andreas, CA 95249
(38.198964643000465, -120.6935616609997)"
784,55719,"Disabled Mobility Systems, LLC","Better Life Mobility, Center",05/02/2015,(951) 686-3152,7239 Indiana Avenue,Riverside,CA,92504,"7239 Indiana Avenue
Riverside, CA 92504
(33.93789536200046, -117.39960377499972)"
785,55721,"Prime Medical Resources, Inc","Prime Orthopedics, Prime Electro Carem Prime Surgical Care",05/03/2015,(800) 555-1051,2529 N Ontario Street,Burbank,CA,91504,"2529 N Ontario Street
Burbank, CA 91504
(34.19737693400049, -118.34452455499968)"
786,55786,"Pacific Medical, Inc",Pacific Medical Prosthetics & Orthotics,05/02/2015,(916) 706-1520,3001 L Street,Sacramento,CA,95816,"3001 L Street
Sacramento, CA 95816
(38.570887531000494, -121.46720236899972)"
787,55787,"Pacific Medical, Inc",Pacific Medical Prosthetics & Orthotics,05/09/2015,(530) 229-0351,"1760 Gold Street, Suite 400",Redding,CA,96001,"1760 Gold Street, Suite 400
Redding, CA 96001
(40.578717852000466, -122.3934260799997)"
788,55895,"Rahab And Associates, LLC",Rahab Medical Supply,06/13/2014,(408) 260-1100,"1080 Saratoga Ave, #2",San Jose,CA,95129,"1080 Saratoga Ave, #2
San Jose, CA 95129
(37.30618795000049, -121.97811836399973)"
789,55904,Sigma Supply & Distribution Inc,,06/30/2015,(818) 246-4624,701 W. Harvard St,Glendale,CA,91204,"701 W. Harvard St
Glendale, CA 91204
(34.14438772100044, -118.26972979799967)"
790,55914,"Medical Home Rehab, Inc",,05/23/2015,(661) 291-1676,"27821 Fremont Court, Unit 10",Valencia,CA,91355,"27821 Fremont Court, Unit 10
Valencia, CA 91355
(34.43392242700048, -118.57763421799967)"
791,56062,"Kaja Medical Equipment & Supply, Inc.",,07/01/2015,(805) 641-1905,1416 E. Main Street,Ventura,CA,93001,"1416 E. Main Street
Ventura, CA 93001
(34.28016129600047, -119.27876361799969)"
792,56063,"Electrostim Medical Services, Inc.",EMSI,06/21/2015,(800) 522-8383,"1902 Wright Place, Suite 219",Carlsbad,CA,92008,"1902 Wright Place, Suite 219
Carlsbad, CA 92008
(33.12127669700044, -117.2883578799997)"
793,56065,MobileXpress LLC,,06/10/2015,(559) 681-3218,1215 Railroad Avenue,Clovis,CA,93612,"1215 Railroad Avenue
Clovis, CA 93612
(36.81543112500049, -119.69972535899967)"
794,56067,Mobility Plus of CA,,06/20/2015,(209) 552-2244,627 Galaxy Way,Modesto,CA,95356,"627 Galaxy Way
Modesto, CA 95356
(37.70772820300044, -121.00198932599972)"
795,56071,"Pacific Medical, Inc.",Pacific Medical Prosthetics & Orthotics,08/15/2014,(209) 722-2440,"1180 W. Olive Avenue, Suite H",Merced,CA,95348-1900,"1180 W. Olive Avenue, Suite H
Merced, CA 95348-1900
(37.31911309500049, -120.48843921499969)"
796,56087,"Hill-Rom Company, Inc.",,06/30/2015,(559) 346-1115,"4140 Bangs Avenue, Unit C",Modesto,CA,95356,"4140 Bangs Avenue, Unit C
Modesto, CA 95356
(37.70445341800047, -121.07165974199972)"
797,56088,"AIC&S, Inc.",American Med Source,08/10/2016,(626) 851-8887,"12961 Ramona Blvd., Suite A",Irwindale,CA,91706,"12961 Ramona Blvd., Suite A
Irwindale, CA 91706
(34.07958793200049, -117.9899085619997)"
798,56144,"Tandem Diabetes Care, Inc.",,07/25/2015,(858) 366-6900,"11045 Roselle Street, Suite 200",San Diego,CA,92121,"11045 Roselle Street, Suite 200
San Diego, CA 92121
(32.90413379800049, -117.22802094599967)"
799,56148,Owens Healthcare - Medical Equipment,,07/12/2014,(530) 252-4065,2690 Main Street,Susanville,CA,96130,"2690 Main Street
Susanville, CA 96130
(40.41160703000048, -120.63766777599972)"
800,56149,Whittier Plaza Pharmacy,The Prescription Shop - Whittier,06/27/2015,(562) 464-6655,"14350 Whittier Boulevard, #103",Whittier,CA,90605,"14350 Whittier Boulevard, #103
Whittier, CA 90605
(33.95503555400046, -118.01859343399968)"
801,56183,"Pomona Medical Supply, Inc.",,07/12/2015,(909) 623-4378,733 E. Holt Avenue,Pomona,CA,91767,"733 E. Holt Avenue
Pomona, CA 91767
(34.06275777200045, -117.73592948599969)"
802,56237,"NorCal Respiratory, Inc.",,08/02/2015,(530) 246-1200,3075 Crossroads Drive,Redding,CA,96003,"3075 Crossroads Drive
Redding, CA 96003
(40.56080447900047, -122.29735227899971)"
803,56239,"Joarder, Inc.",Parvin Medical Supply,07/29/2015,(213) 385-5712,324 S. Alvarado Street,Los Angeles,CA,90057,"324 S. Alvarado Street
Los Angeles, CA 90057
(34.06225422500046, -118.27311289799968)"
804,56240,"Lifecare Solutions, Inc.",,07/25/2015,(661) 947-1139,"190 Sierra Court, Suite B-2",Palmdale,CA,93550,"190 Sierra Court, Suite B-2
Palmdale, CA 93550
(34.64012355500046, -118.12747945599972)"
805,56242,"Ashli Healthcare, Inc.",,07/25/2015,(888) 831-7977,2201 Zeus Court,Bakersfield,CA,93308,"2201 Zeus Court
Bakersfield, CA 93308
(35.43253738800047, -119.06771145799968)"
806,56276,"Daedalus Wings, Inc.",,08/10/2014,(415) 278-9662,"2325 3rd Street, #242",San Francisco,CA,94107,"2325 3rd Street, #242
San Francisco, CA 94107
(37.75960266500044, -122.38833478599969)"
807,56278,California Sleep Solutions,,08/11/2015,(916) 789-0112,"730 Alhambra Blvd., Suite 222",Sacramento,CA,95816,"730 Alhambra Blvd., Suite 222
Sacramento, CA 95816
(38.575214349000476, -121.46420989299969)"
808,56286,"Lifecare Solutions, Inc.",,08/03/2015,(661) 834-8713,"4308 Resnik Court, Suite 204/205",Bakersfield,CA,93313,"4308 Resnik Court, Suite 204/205
Bakersfield, CA 93313
(35.31608440000048, -119.08690683599968)"
809,56287,"Lifecare Solutions, Inc.",,07/29/2015,(858) 637-6300,"3554 Ruffin Road, Suite #100",San Diego,CA,92123,"3554 Ruffin Road, Suite #100
San Diego, CA 92123
(32.80839531100048, -117.12922660799967)"
810,56288,"Meridian Medical Resourcess, Inc.",Meridian Rehab Care / Meridian Surgical Implants,07/29/2015,(818) 480-1280,"740 W. Mill Street, Suite G",San Bernardino,CA,92410,"740 W. Mill Street, Suite G
San Bernardino, CA 92410
(34.09217667200045, -117.29926509999967)"
811,56296,"Broadway Medical Service & Supply, Inc.",,08/01/2015,(916) 927-4047,"123 Commerce Circle, Suite B",Sacramento,CA,95815,"123 Commerce Circle, Suite B
Sacramento, CA 95815
(38.59776104700046, -121.45932421799972)"
812,56308,"Mori Medical Equipment, Inc.",,08/18/2014,(760) 659-4200,"1930 Watson Way, Suite P",Vista,CA,92081,"1930 Watson Way, Suite P
Vista, CA 92081
(33.16797406900048, -117.22177788399972)"
813,56330,Team Makena LLC,,10/03/2014,(310) 215-8170,"6801 Park Terrace Drive, #201",Los Angeles,CA,90045,"6801 Park Terrace Drive, #201
Los Angeles, CA 90045
(33.97773925500047, -118.3928314909997)"
814,56348,Lincare Inc.,,08/05/2015,(209) 943-0738,"3727 Metro Drive, Suite A",Stockton,CA,95215,"3727 Metro Drive, Suite A
Stockton, CA 95215
(37.90728843400046, -121.2175801029997)"
815,56349,"Pacific Medical, Inc.",Pacific Medical Prosthetics & Orthotics,08/18/2014,(916) 689-7528,"7601 Hospital Drive, Suite 104B",Sacramento,CA,95823-5408,"7601 Hospital Drive, Suite 104B
Sacramento, CA 95823-5408
(38.46425742200046, -121.4159733939997)"
816,56350,"International Healthcare Products, Inc.",,08/12/2015,(818) 705-2200,"18625 Sherman Way, Suite 106",Reseda,CA,91335,"18625 Sherman Way, Suite 106
Reseda, CA 91335
(34.20120788900044, -118.53934991599971)"
817,56395,Redwood Sleep Center,,08/17/2015,(415) 898-0801,"1615 Hill Road, Suite 15 & 16",Novato,CA,94947,"1615 Hill Road, Suite 15 &amp; 16
Novato, CA 94947
(38.09827888300049, -122.5808097319997)"
818,56398,"Comfort In Style, Inc.",Arthritis and Back Store,09/01/2014,(818) 788-0977,17285 Ventura Blvd.,Encino,CA,91316,"17285 Ventura Blvd.
Encino, CA 91316
(34.16081646600048, -118.50941434699968)"
819,56399,Joerns LLC,,08/23/2015,(800) 966-6662,"4593 Ish Drive, Unit 320",Simi Valley,CA,93063,"4593 Ish Drive, Unit 320
Simi Valley, CA 93063
(34.26885799300044, -118.7064153609997)"
820,56490,Respiratory Medical Services,,08/31/2015,(951) 509-0550,7410 Orangewood Drive,Riverside,CA,92504,"7410 Orangewood Drive
Riverside, CA 92504
(33.96074280600044, -117.45753013399968)"
821,56508,"Deluxe Medical Supply, LLC",,09/07/2014,(619) 741-5901,8388 Parkway Dr.,La Mesa,CA,91942-2893,"8388 Parkway Dr.
La Mesa, CA 91942-2893
(32.77912143600048, -117.01678517399972)"
822,56332,Premier Medical Supply,,09/26/2014,(916) 646-1600,"900 W North Market Boulevard, Suite H",Sacramento,CA,95834,"900 W North Market Boulevard, Suite H
Sacramento, CA 95834
(38.63999678900046, -121.50748909399971)"
823,56521,"National Seating & Mobility, Inc.",,10/04/2014,(868) 689-7070,"7945 Dunbrook Road, Suites F & G",San Diego,CA,92126-6323,"7945 Dunbrook Road, Suites F &amp; G
San Diego, CA 92126-6323
(32.89298063800044, -117.15009906799969)"
824,56540,Robinson's Medical Equipment & Supplies,,09/27/2014,(530) 622-4132,1261 Broadway,Placerville,CA,95667,"1261 Broadway
Placerville, CA 95667
(38.73137133500046, -120.78510464899972)"
825,56543,Good Health Inc,Tommie's Medical Center Pharmacy,10/14/2014,(714) 993-9370,1041 E Yorba Linda Blvd #209,Placentia,CA,92870,"1041 E Yorba Linda Blvd #209
Placentia, CA 92870
(33.88841753300045, -117.84461731699969)"
826,56569,"Sleep Data Holdings, LLC.",Sleep Data,10/04/2014,(619) 299-6299,"4420 Hotel Circle Ct., Suite 240",San Diego,CA,92108,"4420 Hotel Circle Ct., Suite 240
San Diego, CA 92108
(32.75815351900047, -117.17478322199969)"
827,56570,Baypoint Medical Supply Company,,09/30/2014,(510) 623-1065,"4432 Enterprise Street, Suite I",Fremont,CA,94538,"4432 Enterprise Street, Suite I
Fremont, CA 94538
(37.502027463000445, -121.95817812699971)"
828,56573,"Elegant Medical Supply, Inc.",,10/03/2014,(818) 830-2445,15434 Devonshire Street,Mission Hills,CA,91345,"15434 Devonshire Street
Mission Hills, CA 91345
(34.25728368400047, -118.4690192429997)"
829,56580,"Sleep Data Holdings, LLC.",Sleep Data,10/04/2014,(619) 299-6299,"3156 Vista Way, Suite 150",Oceanside,CA,92056,"3156 Vista Way, Suite 150
Oceanside, CA 92056
(33.18261841900045, -117.32398873799968)"
830,56659,"Reliable Medical Supply, LLC.",,10/06/2014,(323) 651-9822,"454 S. Robertson Blvd., #D-1",Los Angeles,CA,90048,"454 S. Robertson Blvd., #D-1
Los Angeles, CA 90048
(34.07063131300049, -118.38374577999969)"
831,56668,"360 Medical Supply, LLC.",,10/20/2014,(888) 360-0288,"828 San Pablo Avenue, Suite B",Pinole,CA,94564,"828 San Pablo Avenue, Suite B
Pinole, CA 94564
(38.005260714000485, -122.30836850199972)"
832,56712,Ehlers Health Supply,,10/24/2014,(209) 476-0812,611 West Grider Way,Stockton,CA,95210,"611 West Grider Way
Stockton, CA 95210
(38.04473149600045, -121.32110148399971)"
833,56761,"DME Solutions, Inc.",ACI Medical Supplies,12/15/2014,(805) 347-7717,625 E. Main Street,Santa Maria,CA,93454,"625 E. Main Street
Santa Maria, CA 93454
(34.95316856500045, -120.42731873099967)"
834,56778,"WBC Group, LLC",Meyer Distributing Company / Milliken Medical,11/04/2014,(909) 937-6084,"895 S. Rockefeller, Suites 105 & 106",Ontario,CA,91761,"895 S. Rockefeller, Suites 105 &amp; 106
Ontario, CA 91761
(34.03716300800045, -117.60653881099972)"
835,56787,"Cole Medical, Inc.",,12/05/2014,(310) 963-6943,720 W. Broadway,Glendale,CA,91204,"720 W. Broadway
Glendale, CA 91204
(34.146732614000484, -118.2707495679997)"
836,56789,"Ardmore Medical Supply, Inc.",,10/24/2014,(213) 382-6525,"3663 W. 6th Street, Suite 108",Los Angeles,CA,90020,"3663 W. 6th Street, Suite 108
Los Angeles, CA 90020
(34.06360815600044, -118.30198907999971)"
837,56818,Diamond Medical Equipment,Wayne D. Walz,12/22/2014,(714) 285-0999,"999 N. Tustin Avenue, Suite 23",Santa Ana,CA,92705,"999 N. Tustin Avenue, Suite 23
Santa Ana, CA 92705
(33.75325026800044, -117.83417649099971)"
838,56839,"J. Greenburg DDS., Inc.",Snore No More,12/02/2014,(818) 205-1122,"5363 Balboa Blvd., Suite #245",Encino,CA,91316,"5363 Balboa Blvd., Suite #245
Encino, CA 91316
(34.16878037400045, -118.50113218499968)"
839,56841,"Dynamic Medical Systems, LLC.",,11/03/2014,(916) 332-5150,"3355 Myrtle Avenue, Suite 255",North Highlands,CA,95660,"3355 Myrtle Avenue, Suite 255
North Highlands, CA 95660
(38.65416356300045, -121.3853049329997)"
840,56844,"Dynamic Medical Systems, LLC.",,11/18/2014,(858) 271-0964,"7935 Dunbrook Rd., Suite H",San Diego,CA,92126,"7935 Dunbrook Rd., Suite H
San Diego, CA 92126
(32.89314102900045, -117.15013706599967)"
841,56846,"Dynamic Medical Systems, LLC.",,11/09/2014,(310) 928-0251,2811 E. Ana Street,Rancho Dominguez,CA,90221,"2811 E. Ana Street
Rancho Dominguez, CA 90221
(33.858647180000446, -118.21288773699968)"
842,56832,"CoolSystems, Inc.",Game Ready,12/02/2014,(888) 426-3732,"5165 Commercial Circle, Suite B",Concord,CA,94520,"5165 Commercial Circle, Suite B
Concord, CA 94520
(38.016785376000485, -122.02835841699971)"
843,56834,"CoolSystems, Inc.",Game Ready,12/02/2014,(888) 426-3732,"1800 Sutter Street, Suite 500",Concord,CA,94520,"1800 Sutter Street, Suite 500
Concord, CA 94520
(37.973500851000495, -122.03777544999969)"
844,56862,"Pacific Medical, Inc.",Pacific Medical Prosthetics & Orthotics,11/14/2014,(209) 835-2280,"1851 E. Paradise Road, Suite B",Tracy,CA,95304,"1851 E. Paradise Road, Suite B
Tracy, CA 95304
(37.75053554900046, -121.3969394609997)"
845,56863,"Pacific Medical, Inc.",Pacific Medical Prosthetics & Orthotics,11/04/2014,(831) 998-7729,"420 E. Romie Lane, Suite C",Salinas,CA,93901,"420 E. Romie Lane, Suite C
Salinas, CA 93901
(36.660363952000466, -121.6479953859997)"
846,56879,"Alliant Sleep, LLC",American Sleep Centers,01/04/2015,(909) 987-3100,"9439 Archibald Avenue, Suite 105",Rancho Cucamonga,CA,91730,"9439 Archibald Avenue, Suite 105
Rancho Cucamonga, CA 91730
(34.08226014200045, -117.5933864639997)"
847,56969,"LifeCare Solutions, Inc.",,12/13/2014,(800) 853-5510,"1037 North Market Blvd., Suite #2",Sacramento,CA,95834,"1037 North Market Blvd., Suite #2
Sacramento, CA 95834
(38.64717780500047, -121.48599377999972)"
848,56951,"Wellness Medical Equipment and Supplies, LLC.",,12/08/2014,(714) 868-8544,7961 Valley View Street,La Palma,CA,90623,"7961 Valley View Street
La Palma, CA 90623
(33.84760025400044, -118.02865285399969)"
849,56949,Triad Medical Group,Triad Medical Supply,12/09/2014,(619) 469-4421,"5346 Jackson Drive, Suite B",La Mesa,CA,91942,"5346 Jackson Drive, Suite B
La Mesa, CA 91942
(32.77656352600047, -117.01710613099971)"
850,56971,Respiratory Solutions,Patient Care Medical,12/21/2014,(949) 398-8700,"18 Technology, Suite 165",Irvine,CA,92618,"18 Technology, Suite 165
Irvine, CA 92618
(33.65124797700048, -117.73774317799968)"
851,56135,"Breg, Inc.",,12/22/2014,(760) 795-5440,2885 Loker Avenue East,Carlsbad,CA,92010,"2885 Loker Avenue East
Carlsbad, CA 92010
(33.130647052000484, -117.2483955939997)"
852,57008,"Lincare, Inc.",,12/08/2014,(858) 292-5201,"5780 Chesapeake Court, Suite 2",San Diego,CA,92123,"5780 Chesapeake Court, Suite 2
San Diego, CA 92123
(32.83846064800048, -117.12915977599971)"
853,57042,"OPI Medical Supplies, Inc.",,12/05/2014,(714) 964-0350,17971 Euclid Street,Fountain Valley,CA,92708,"17971 Euclid Street
Fountain Valley, CA 92708
(33.70248073100049, -117.93706258199967)"
854,57047,"Delta Medical Services, Inc.",,01/05/2015,(714) 892-7404,"14600 Golden West Street, Suite 201A",Westminister,CA,92683,"14600 Golden West Street, Suite 201A
Westminister, CA 92683
(33.750367698000446, -118.00701172399971)"
855,57049,"All City Sleep Center, LLC",Westlake Sleep Center,01/03/2015,(650) 757-4813,"341 Westlake Center, Suite 250",Daly City,CA,94015,"341 Westlake Center, Suite 250
Daly City, CA 94015
(37.700520360000496, -122.4828963759997)"
856,57061,Joerns LLC,,01/23/2015,(510) 895-8892,14492 Wicks Blvd,San Leandro,CA,94577,"14492 Wicks Blvd
San Leandro, CA 94577
(37.697248200000445, -122.16494242299973)"
857,57068,"Reliance Medical Supply, LLC",,12/19/2014,(408) 263-7070,240 S. Hillview Drive,Milpitas,CA,95035,"240 S. Hillview Drive
Milpitas, CA 95035
(37.430390102000445, -121.89224686599971)"
858,57124,"LifeCareSolutions, Inc.",,01/26/2015,(310) 522-4120,"1250 E. 223rd Street, Suite #111",Carson,CA,90745,"1250 E. 223rd Street, Suite #111
Carson, CA 90745
(33.82416425800045, -118.25171245099972)"
859,57130,"Lincare, Inc.",,01/04/2015,(559) 788-2000,314 Sequoia Circle,Porterville,CA,93257,"314 Sequoia Circle
Porterville, CA 93257
(36.08166039100047, -119.02341845899969)"
860,57157,"Alpha & Omega Health, Inc.",Diamond Medical Supply,01/03/2015,(909) 839-0066,"19745 E. Colima Road, Suite 7",Rowland Heights,CA,91748,"19745 E. Colima Road, Suite 7
Rowland Heights, CA 91748
(33.98638582500047, -117.87075478799972)"
861,57201,LCTC Incorporated,All Care Equipment and Supplies/ACES,01/12/2015,(559) 226-2237,5153 N. Blackstone,Fresno,CA,93710,"5153 N. Blackstone
Fresno, CA 93710
(36.8112855280005, -119.7905770379997)"
862,57242,Valley Oxygen,Synergy Sleep & Respiratory,02/22/2015,(805) 786-4380,2308 Broad Street,San Luis Obispo,CA,93401,"2308 Broad Street
San Luis Obispo, CA 93401
(35.26801035300048, -120.6550777119997)"
863,57243,"Dynamic Medical Systems, LLC.",,01/25/2015,(559) 292-5204,"2562 North Purdue, #103",Fresno,CA,93727,"2562 North Purdue, #103
Fresno, CA 93727
(36.77373004600048, -119.68868534599972)"
864,57244,Therapeutic Home Care,,01/24/2015,(805) 240-9233,"580 East 3rd Street, Unit F",Oxnard,CA,93030,"580 East 3rd Street, Unit F
Oxnard, CA 93030
(34.20053265100046, -119.17286984899971)"
865,57306,"Fountain Valley Orthotics & Prosthetics, Inc.",Fountain Orthotics & Prosthetics,02/15/2015,(714) 210-1298,"16520 Harbor Blvd., Suite G",Fountain Valley,CA,92708,"16520 Harbor Blvd., Suite G
Fountain Valley, CA 92708
(33.723404642000446, -117.91978189199972)"
866,57358,"Accredited Medical Equipment & Supply, Inc.",Accredited Medical Supplies,02/22/2015,(818) 704-7770,21142 Ventura Blvd.,Woodland Hills,CA,91364,"21142 Ventura Blvd.
Woodland Hills, CA 91364
(34.16707738100047, -118.59357064999972)"
867,57314,"ALA Healthcare, Inc.",Rehab Support Systems,02/01/2015,(800) 473-0885,2811 Metropolitan Place,Pomona,CA,91767,"2811 Metropolitan Place
Pomona, CA 91767
(34.09785166700044, -117.75262950599972)"
868,57325,"AV Respiratory Services, Inc.",,01/27/2015,(661) 951-0011,"1601 West Avenue J, Suite 201",Lancaster,CA,93534,"1601 West Avenue J, Suite 201
Lancaster, CA 93534
(34.689458501000445, -118.15882958699967)"
869,57360,Omnea Health,,04/19/2015,(877) 725-0859,"14 Goodyear Street, #135",Irvine,CA,92618,"14 Goodyear Street, #135
Irvine, CA 92618
(33.64858159700049, -117.71101600099968)"
870,57385,Challee R. Young,Apollo Respiratory Services,02/22/2015,(707) 206-0230,2930 Dutton Avenue,Santa Rosa,CA,95407,"2930 Dutton Avenue
Santa Rosa, CA 95407
(38.40851059500045, -122.72358748799968)"
871,57386,Central Valley Medical Supplies,,02/22/2015,(559) 478-4691,"1731 W. Bullard Avenue, #128",Fresno,CA,93711,"1731 W. Bullard Avenue, #128
Fresno, CA 93711
(36.82274350500046, -119.82505905199969)"
872,57389,Bischoff's Medical Supplies,,02/02/2015,(916) 721-1060,7700 Sunrise Blvd. Suite 1300,Citrus Heights,CA,95610,"7700 Sunrise Blvd. Suite 1300
Citrus Heights, CA 95610
(38.70621035500045, -121.27175463099968)"
873,57437,Merlin Technologies,,03/12/2015,(805) 388-7669,699 Mobil Avenue,Camarillo,CA,93010,"699 Mobil Avenue
Camarillo, CA 93010
(34.22311046100049, -119.04283254099971)"
874,57445,"Hucek Enterprises, LLC.",Physicians Choice Medical Equipment,02/22/2015,(209) 341-0700,909 B W Roseburg Avenue,Modesto,CA,95350,"909 B W Roseburg Avenue
Modesto, CA 95350
(37.67246834400049, -121.00650995899969)"
875,57463,"Boom Investments, Inc.",ProCare Medical Supplies,02/10/2015,(510) 627-0000,"2844 Summit Street, Suite 204",Oakland,CA,94609,"2844 Summit Street, Suite 204
Oakland, CA 94609
(37.81756140100049, -122.26462632399972)"
876,57464,Maldonado Medical LLC,,02/28/2015,(949) 732-9508,"5000 Birch Street, Suite 420",Newport Beach,CA,92660,"5000 Birch Street, Suite 420
Newport Beach, CA 92660
(33.665747138000484, -117.85822576399971)"
877,57486,"Palo Alto Medical Foundation for Health Care, Research & Education",,04/13/2015,(408) 523-3460,"1309 South Mary Avenue, #212",Sunnyvale,CA,94087,"1309 South Mary Avenue, #212
Sunnyvale, CA 94087
(37.34938929900045, -122.05054388499968)"
878,57539,"Gamburd, Inc.",,02/27/2015,(818) 834-2792,12405 Montague Street,Pacoima,CA,91331,"12405 Montague Street
Pacoima, CA 91331
(34.25352378700046, -118.4031767079997)"
879,57556,"REM Diagnostics, Inc.",,03/06/2015,(805) 785-0126,"1329 Broad Street, Suite C",San Luis Obispo,CA,93401,"1329 Broad Street, Suite C
San Luis Obispo, CA 93401
(35.27692057800044, -120.66276216899968)"
880,57568,"Living Spinal, LLC.",,03/07/2015,(619) 810-0010,"3517 Del Rey St., Suite 106A",San Diego,CA,92109,"3517 Del Rey St., Suite 106A
San Diego, CA 92109
(32.80271686600048, -117.2137130639997)"
881,57569,"A-Z HME, Inc.",,03/08/2015,(559) 804-6703,2467 Simpson Street,Kingsburg,CA,93631,"2467 Simpson Street
Kingsburg, CA 93631
(36.520527298000445, -119.56187755499968)"
882,57589,"AdvantaCare Health, Inc.",AdvantaCare Medical,03/30/2015,(800) 481-4662,"13939 E. 14th Street, Suite 190",San Leandro,CA,94578,"13939 E. 14th Street, Suite 190
San Leandro, CA 94578
(37.71376615900044, -122.1407260689997)"
883,57590,"A Leg Up of ETS, LLC",A Leg Up of Northern California,03/07/2015,(510) 523-4143,1128 Pearl Street,Alameda,CA,94501,"1128 Pearl Street
Alameda, CA 94501
(37.75788011700047, -122.24090544999973)"
884,57664,"Lifecare Solutions, Inc.",,04/13/2015,(408) 347-9050,2114 Ringwood Avenue,San Jose,CA,95131,"2114 Ringwood Avenue
San Jose, CA 95131
(37.397069702000465, -121.89787038299971)"
885,57666,"99 Medical Equipment, Healthcare Supplies & Wheelchair Center",99 Medical Equipment & Wheelchair Center,04/02/2015,(626) 872-3633,"201 W. Garvey Avenue, Suite 105",Monterey Park,CA,91754,"201 W. Garvey Avenue, Suite 105
Monterey Park, CA 91754
(34.062567646000446, -118.12472895999969)"
886,57668,"Avasco Medical Supply, Inc.",,03/30/2015,(805) 522-5333,"690 E. Los Angeles Ave., Suite D",Simi Valley,CA,93065,"690 E. Los Angeles Ave., Suite D
Simi Valley, CA 93065
(34.27162267900047, -118.78393901599969)"
887,57724,Elk Grove Medical Supplies,,03/27/2015,(916) 686-9595,8949 Elk Grove Blvd.,Elk Grove,CA,95624,"8949 Elk Grove Blvd.
Elk Grove, CA 95624
(38.40903802700046, -121.36929989599969)"
888,57760,"Olive-Med Supply Co., Inc.",,04/04/2015,(805) 667-2191,"110 N. Olive St., #Q",Ventura,CA,93001,"110 N. Olive St., #Q
Ventura, CA 93001
(34.282660241000485, -119.30329296799971)"
889,57852,"Abrexis OrthoCare, LLC",,04/27/2015,(714) 237-9600,"685 N. Shepard Street, Suite #B",Anaheim,CA,92806,"685 N. Shepard Street, Suite #B
Anaheim, CA 92806
(33.85053972500049, -117.85247011699971)"
890,57830,East Bay Medical Supply,,05/17/2015,(925) 513-1688,"5421 Lone Tree Way, Suite 150",Brentwood,CA,94513,"5421 Lone Tree Way, Suite 150
Brentwood, CA 94513
(37.96158505200049, -121.7484297259997)"
891,57836,"Medical Supplies IHP, Inc.",,04/24/2015,(805) 517-2995,"530 Los Angeles Avenue, Suite 117",Moorpark,CA,93021,"530 Los Angeles Avenue, Suite 117
Moorpark, CA 93021
(34.27891411300044, -118.88806572299967)"
892,57845,"Hill-Rom Company, Inc.",,04/10/2015,(559) 346-1115,"2935 S. Elm Avenue, Suite 103",Fresno,CA,93706,"2935 S. Elm Avenue, Suite 103
Fresno, CA 93706
(36.69490014200045, -119.79068533299971)"
893,57911,Alliance Medical Supply,,06/19/2015,(818) 833-7000,"12601 San Fernando Road., Suite F",Sylmar,CA,91342,"12601 San Fernando Road., Suite F
Sylmar, CA 91342
(34.298397099000454, -118.45823734199968)"
894,57938,"ZOK, Inc.",,05/01/2015,(818) 541-1263,2948 1/2 Honolulu Avenue,La Crescenta,CA,91214,"2948 1/2 Honolulu Avenue
La Crescenta, CA 91214
(34.213419488000454, -118.24318643399971)"
895,57942,"Lifecare Solutions, Inc.",,05/04/2014,(415) 382-1024,"394 Bel Marin Keys Blvd., Suite 4",Novato,CA,94949,"394 Bel Marin Keys Blvd., Suite 4
Novato, CA 94949
(38.07617492200046, -122.5369162779997)"
896,57973,"Lifecare Solutions, Inc.",,05/11/2015,(925) 689-7361,"4075 Sprig Drive, Suite B",Concord,CA,94520,"4075 Sprig Drive, Suite B
Concord, CA 94520
(38.01407692300046, -122.02996749399972)"
897,58013,"Team Makena, LLC.",,05/09/2015,(949) 474-1753,"17461 Derian Avenue, Suite 200",Irvine,CA,92614,"17461 Derian Avenue, Suite 200
Irvine, CA 92614
(33.68577149200047, -117.8401407019997)"
898,58042,"Express Medical Supply, LLC",,05/17/2014,(619) 423-2600,"639 Marsat Court, Suite B",Chula Vista,CA,91911,"639 Marsat Court, Suite B
Chula Vista, CA 91911
(32.60078885300044, -117.0812194289997)"
899,58055,"Aids for Daily Living, Inc.","ADL, Inc.",05/24/2015,(916) 624-0900,"1140 Sunset Blvd., Suite 140",Rocklin,CA,95765,"1140 Sunset Blvd., Suite 140
Rocklin, CA 95765
(38.814059269000495, -121.2860523979997)"
900,58081,Shield Healthcare,,08/02/2015,(909) 512-9290,"3290 E. Guasti Road, Suite 130",Ontario,CA,91761,"3290 E. Guasti Road, Suite 130
Ontario, CA 91761
(34.064483890000474, -117.57884581999969)"
901,58105,"VerusCare, Inc.",,05/30/2015,(530) 273-7996,"1106 N D Street, #12",Sacramento,CA,95811,"1106 N D Street, #12
Sacramento, CA 95811
(38.59274401300047, -121.48529664999973)"
902,58140,"Well Equip, LLC",Durable Medical Equipment,05/29/2015,(925) 267-3017,138 Hillcrest Avenue,Pittsburg,CA,94565,"138 Hillcrest Avenue
Pittsburg, CA 94565
(38.00217768900046, -121.89885865999969)"
903,58143,Palmedeq Corporation,Palmedeq,05/25/2015,(805) 376-1900,"2373 Teller Road, #105",Newbury Park,CA,91320,"2373 Teller Road, #105
Newbury Park, CA 91320
(34.19122909700047, -118.92616709799972)"
904,58178,"AIDS Medical Enterprises, Inc.","A.M.E., Inc. and/or American Medical Enterprises Inc",06/05/2015,(562) 698-0266,12505 Lambert Road,Whittier,CA,90606,"12505 Lambert Road
Whittier, CA 90606
(33.96537613100048, -118.04683240499969)"
905,58180,Lincare,,06/04/2015,(925) 288-8890,"1940 Olivera Road, Suite D",Concord,CA,94520,"1940 Olivera Road, Suite D
Concord, CA 94520
(37.99902389400046, -122.05188514099973)"
906,58213,"El Monte Nutritional and Medical Supplies, Inc.",,03/29/2015,(626) 279-6449,2002 Durfee Avenue,South El Monte,CA,91733,"2002 Durfee Avenue
South El Monte, CA 91733
(34.04589758500049, -118.0296403589997)"
907,58221,"Qualmed Precision, Inc.",,06/07/2015,(530) 222-4156,"1495 Victor Avenue, Suite C",Redding,CA,96003,"1495 Victor Avenue, Suite C
Redding, CA 96003
(40.58585047700046, -122.33881368399972)"
908,58261,Blueberry Medical,Sleepytime,09/12/2015,(818) 789-0203,5400 Balboa Blvd. Suite 212,Encino,CA,91316,"5400 Balboa Blvd. Suite 212
Encino, CA 91316
(34.16935075400045, -118.5010665049997)"
909,58264,"First Quality Medical Management, Inc.",,07/05/2015,(951) 785-7500,"9860 Indiana Avenue, Unit 13",Riverside,CA,92503,"9860 Indiana Avenue, Unit 13
Riverside, CA 92503
(33.91028798800045, -117.44803574199972)"
910,58265,"Easy Breathe, Inc .",,06/20/2015,(866) 564-2252,"11859 Wilshire Blvd., Suite 602",Los Angeles,CA,90025,"11859 Wilshire Blvd., Suite 602
Los Angeles, CA 90025
(34.04721233800046, -118.46371989899967)"
911,58266,"Parkville, LLC",Mega Health Vitamins,06/25/2015,(310) 768-0012,"15435 S. Western Avenue, Suite 117",Gardena,CA,90249,"15435 S. Western Avenue, Suite 117
Gardena, CA 90249
(33.89085115300048, -118.30918277599972)"
912,52384,"ApniCure, Inc.",,07/03/2015,(650) 361-9300,900 Chesapeake Drive,Redwood City,CA,94063,"900 Chesapeake Drive
Redwood City, CA 94063
(37.501266957000496, -122.2147624809997)"
913,58302,Empire CPAP,,08/06/2015,(909) 987-8042,"8598 Utica Avenue, Suite 100",Rancho Cucamonga,CA,91730,"8598 Utica Avenue, Suite 100
Rancho Cucamonga, CA 91730
(34.097300876000475, -117.5730129699997)"
914,58344,"Chrysalis Medical Technology, Inc.",,07/03/2014,(415) 457-7400,"900 Larkspur Landing Circle, Suite 220",Larkspur,CA,94939,"900 Larkspur Landing Circle, Suite 220
Larkspur, CA 94939
(37.948316580000494, -122.50971205599973)"
915,58353,"Home Medical Enterprises, LLC",,06/07/2015,(909) 399-9911,"415 W. Foothill Blvd., Suite 221",Claremont,CA,91711,"415 W. Foothill Blvd., Suite 221
Claremont, CA 91711
(34.10718745400044, -117.72050158499968)"
916,58385,"Omni Motion, Inc.",,08/07/2014,(800) 735-0112,"2888 Loker Avenue East, #208",Carlsbad,CA,92010,"2888 Loker Avenue East, #208
Carlsbad, CA 92010
(33.13102269600046, -117.24803492899969)"
917,58386,"AMD Medical Supply, Inc.",,07/02/2014,(916) 485-2500,3108 Arden Way,Sacramento,CA,95825,"3108 Arden Way
Sacramento, CA 95825
(38.595870687000456, -121.39116519299972)"
918,58382,"Horizon Oxygen and Medical Equipment, Inc.",,07/05/2015,(858) 569-6340,7868 Convoy Court,San Diego,CA,92111,"7868 Convoy Court
San Diego, CA 92111
(32.83471803600048, -117.15090448599972)"
919,58402,"Ample Group Holding, Inc.","Comfort Medical Services, Inc.",07/09/2014,(909) 623-4807,854 E. Mission Blvd.,Pomona,CA,91766,"854 E. Mission Blvd.
Pomona, CA 91766
(34.055326557000456, -117.7401472849997)"
920,58430,"South Bay DME, LLC",,08/06/2014,(310) 418-0308,1285 W. 19th Street,San Pedro,CA,90731,"1285 W. 19th Street
San Pedro, CA 90731
(33.72700359300046, -118.30519011899969)"
921,58435,"S&G Homecare, Inc.",,08/06/2014,(949) 474-2050,3115 Airway Avenue,Costa Mesa,CA,92626,"3115 Airway Avenue
Costa Mesa, CA 92626
(33.674767156000485, -117.87469392699973)"
922,58532,"MD Orthopedics, Inc.",,08/06/2015,(818) 305-3838,"13833 Ventura Blvd., #206",Sherman Oaks,CA,91423,"13833 Ventura Blvd., #206
Sherman Oaks, CA 91423
(34.14855782800049, -118.43433556099967)"
923,58559,"Sacramento Medical Supply, LLC",Bischoff's Medical Supplies,08/28/2014,(916) 974-1100,2590 Alta Arden Expressway,Sacramento,CA,95825,"2590 Alta Arden Expressway
Sacramento, CA 95825
(38.59972338300048, -121.4023519479997)"
924,58562,"Aero Mobility, Inc.",,09/14/2015,(714) 835-1000,1001 N. Weir Canyon Road,Anaheim,CA,92807,"1001 N. Weir Canyon Road
Anaheim, CA 92807
(33.872912494000445, -117.7463798599997)"
925,58569,"McKinlay Enterprises, Inc.",The Bone Store,08/08/2015,(559) 226-7500,6610 N. Blackstone Avenue,Fresno,CA,93710,"6610 N. Blackstone Avenue
Fresno, CA 93710
(36.83401051600049, -119.79013569399967)"
926,58589,Lifecare Solutions,,09/14/2014,(714) 258-7801,15261 Barranca Parkway,Irvine,CA,92618,"15261 Barranca Parkway
Irvine, CA 92618
(33.65768930000047, -117.73685469699967)"
927,58607,"Medox Services, Inc.",Ideal Home Care,08/06/2015,(562) 404-2255,13453 Pumice Street,Norwalk,CA,90650,"13453 Pumice Street
Norwalk, CA 90650
(33.89760412000044, -118.04537826599972)"
928,58600,AMD Medical Supply,,08/31/2014,(530) 231-5862,1260 Lake Blvd,Davis,CA,95616,"1260 Lake Blvd
Davis, CA 95616
(38.55437072400048, -121.78771416499973)"
929,58622,"Interactive Medical Systems, Inc.",,08/31/2015,(714) 894-5029,"3437 Myrtle Avenue, #380",North Highlands,CA,95660,"3437 Myrtle Avenue, #380
North Highlands, CA 95660
(38.654158329000495, -121.38469899099971)"
930,58629,"LifeCare Solutions, Inc.",,10/22/2014,(909) 478-5401,1220 Research Drive,Redlands,CA,92374,"1220 Research Drive
Redlands, CA 92374
(34.069481950000466, -117.23670455899969)"
931,58647,Andrea Marie Ewert,"Home Oxygen Company, LLC",09/26/2014,(916) 920-0202,4049 N. Freeway Blvd.,Sacramento,CA,95834,"4049 N. Freeway Blvd.
Sacramento, CA 95834
(38.64086175100044, -121.48109965199973)"
932,58676,"Ayah's Medical Supply, LLC",,08/16/2014,(310) 970-7900,13335 Hawthorne Blvd.,Hawthorne,CA,90250,"13335 Hawthorne Blvd.
Hawthorne, CA 90250
(33.91138972200048, -118.35278034599969)"
933,58719,"Northern Rehab Equipment, Inc.",Harmony Home Medical,08/17/2014,(858) 560-8177,4869 Convoy Street,San Diego,CA,92111,"4869 Convoy Street
San Diego, CA 92111
(32.830131003000474, -117.15321391699968)"
934,58726,"Active Mobility Center, Inc.",,08/23/2015,(760) 962-1050,14330 7th Street,Victorville,CA,92395,"14330 7th Street
Victorville, CA 92395
(34.51060016500048, -117.31933351899971)"
935,58745,"Reliant Medical Supplies & Orthotics, Inc.",,09/10/2014,(323) 525-1211,5855 Venice Blvd.,Los Angeles,CA,90019,"5855 Venice Blvd.
Los Angeles, CA 90019
(34.041545416000474, -118.36699275499967)"
936,58787,"Interactive Medical Systems, Inc.",,09/07/2014,(714) 894-5029,"521 Harbor Court, Unit D754",Pittsburgh,CA,94565,"521 Harbor Court, Unit D754
Pittsburgh, CA 94565
(38.014197141000466, -121.88117343799968)"
937,58855,"Westprime Systems, Inc.","Westprime Systems, Inc.",10/17/2014,(714) 529-2027,5751 Chino Avenue,Chino,CA,91710,"5751 Chino Avenue
Chino, CA 91710
(34.011832677000484, -117.67917845499971)"
938,58888,"Health & Mobility, Inc.",,03/14/2015,(951) 600-1635,"40414 California Road, Suite D",Murrieta,CA,92562,"40414 California Road, Suite D
Murrieta, CA 92562
(33.56719417800048, -117.22158870399971)"
939,58912,"Orange Coast Medical Services, Inc.",,10/17/2014,(714) 892-7205,"12062 Valley View Street, Suite 125",Garden Grove,CA,92845,"12062 Valley View Street, Suite 125
Garden Grove, CA 92845
(33.78719994700049, -118.02841663699968)"
940,58913,"Amery Consulting, Inc.",Pro Sleep Care,09/26/2014,(760) 779-1444,"72855 Fred Waring Drive, Suite C19",Palm Desert,CA,92260,"72855 Fred Waring Drive, Suite C19
Palm Desert, CA 92260
(33.72858337000048, -116.39371936399971)"
941,58970,"Recovery Medical Services, LLC",,10/02/2014,(657) 888-6250,"1500 S. Sunkist Street, Suite D",Anaheim,CA,92806,"1500 S. Sunkist Street, Suite D
Anaheim, CA 92806
(33.81065809900048, -117.88298945299971)"
942,58977,All In One Care Medical Services,,10/11/2014,(714) 879-0122,"1030 S. Cypress Street, Suite A",La Habra,CA,90631,"1030 S. Cypress Street, Suite A
La Habra, CA 90631
(33.94198135400046, -117.94181689699968)"
943,58991,Valley Oxygen,Synergy Sleep & Respiratory,10/11/2014,(707) 427-1821,"817 Missouri Street, Suite 2",Fairfield,CA,94533,"817 Missouri Street, Suite 2
Fairfield, CA 94533
(38.24810343500047, -122.0437995799997)"
944,58990,"Hospice Solutions, Inc.",Elite Healthcare Partners,11/06/2014,(951) 300-9343,"1271 Columbia, Suite F4",Riverside,CA,92507,"1271 Columbia, Suite F4
Riverside, CA 92507
(34.00118789800047, -117.3391988569997)"
945,58999,Galleria Medical Supply,,10/10/2015,(323) 737-8585,"3250 W. Olympic Blvd., Suite 301",Los Angeles,CA,90006,"3250 W. Olympic Blvd., Suite 301
Los Angeles, CA 90006
(34.05263267100048, -118.30772859599972)"
946,59017,"A Homecare Device, Inc.",,10/11/2014,(800) 757-9797,1518 W. Washington Blvd.,Montebello,CA,90640,"1518 W. Washington Blvd.
Montebello, CA 90640
(33.997101247000444, -118.12406786799971)"
947,59052,Ghazar Gus Zokian,Medic Care Supplies,10/24/2014,(818) 541-8600,"2930 Honolulu Avenue, Suite 101",La Crescenta,CA,91214,"2930 Honolulu Avenue, Suite 101
La Crescenta, CA 91214
(34.21323655900045, -118.24289430699969)"
948,59056,San Jose Medical Supply,San Jose Medical Supply,12/12/2014,(408) 453-7200,283 E. Brokaw Road,San Jose,CA,95112,"283 E. Brokaw Road
San Jose, CA 95112
(37.37724573200046, -121.9135061079997)"
949,59057,"RX Essentials, LLC",Health Essentials,11/07/2014,(714) 852-6556,"3303 Harbor Blvd., Suite C-1",Costa Mesa,CA,92626,"3303 Harbor Blvd., Suite C-1
Costa Mesa, CA 92626
(33.69195002700047, -117.91957209599968)"
950,59090,Ntiedo Johnson Inyang,Lifeline Medical Care,11/05/2014,(510) 505-9134,"4673 Thornton Avenue, Suite #3",Fremont,CA,94536,"4673 Thornton Avenue, Suite #3
Fremont, CA 94536
(37.55296062400049, -122.01771307199971)"
951,59123,"Pulmonaire, Inc.",02 Services,01/17/2015,(909) 593-0202,750 Arrow Highway,La Verne,CA,91750,"750 Arrow Highway
La Verne, CA 91750
(34.10147328900047, -117.79233598599967)"
952,59125,"NorCal Respiratory, Inc.",,04/30/2015,(530) 246-1200,43563 State Hwy 299 East,Fall River Mills,CA,96028,"43563 State Hwy 299 East
Fall River Mills, CA 96028
(41.024231528000485, -121.42441522399969)"
953,59127,"Custom Care Home Health Services, Inc.",,04/03/2015,(916) 714-1155,"9826 Bond Road, Suite A",Sacramento,CA,95624,"9826 Bond Road, Suite A
Sacramento, CA 95624
(38.42370311800045, -121.3289285509997)"
954,57600,"DJO, LLC.",,11/05/2014,(800) 321-9549,3151 Scott Street,Vista,CA,92081,"3151 Scott Street
Vista, CA 92081
(33.13687859200047, -117.23299188999971)"
955,59150,"Medline Industries, Inc.",,10/30/2014,(209) 858-3279,400 D'Arcy Parkway,Lathrop,CA,95330,"400 D'Arcy Parkway
Lathrop, CA 95330
(37.801983703000474, -121.29084563699968)"
956,59171,"Forever Active, Inc.",,11/16/2014,(626) 389-8790,"1 W. Mountain Street, Unit 9",Pasadena,CA,91103,"1 W. Mountain Street, Unit 9
Pasadena, CA 91103
(34.16149795300049, -118.15108855899967)"
957,59172,"Mobility Masters Northern California, Inc.",Mobility Masters,11/15/2014,(707) 525-1994,1575 Farmers Lane,Santa Rosa,CA,95405,"1575 Farmers Lane
Santa Rosa, CA 95405
(38.43321868000049, -122.68893671099971)"
958,59192,"Horizon Medical Supply, Inc.",,11/09/2014,(619) 469-6055,"6062 Lake Murray Blvd., Suite 109-110",La Mesa,CA,91942,"6062 Lake Murray Blvd., Suite 109-110
La Mesa, CA 91942
(32.789259367000454, -117.02212316599969)"
959,59193,"Northern Rehab Equipment, Inc.",Northern Rehab and Respiratory,11/19/2014,(530) 896-1505,"2259 Esplanade, Suite A",Chico,CA,95926,"2259 Esplanade, Suite A
Chico, CA 95926
(39.75161918400045, -121.85639131299968)"
960,59194,"Dynamic Medical Systems, LLC",,03/29/2015,(707) 444-2409,"1805 2nd Street, Suite C",Eureka,CA,95501,"1805 2nd Street, Suite C
Eureka, CA 95501
(40.80636840900047, -124.15229900199972)"
961,59195,"Dynamic Medical Systems, LLC",,02/13/2015,(209) 524-2300,5278 Jerusalem Court,Modesto,CA,95356,"5278 Jerusalem Court
Modesto, CA 95356
(37.71671139200049, -121.00075523299972)"
962,59214,"Homedical, Inc.",,11/27/2014,(714) 438-2230,"3506 W. Lake Center Drive, Suite B",Santa Ana,CA,92704,"3506 W. Lake Center Drive, Suite B
Santa Ana, CA 92704
(33.69920364200044, -117.9168285129997)"
963,59215,"Sizewise Rentals, LLC",,11/28/2014,(858) 577-0353,"9865 Businesspark Avenue, Suite A",San Diego,CA,92131,"9865 Businesspark Avenue, Suite A
San Diego, CA 92131
(32.90288933400046, -117.11161628499968)"
964,59222,"MedSol USA, LLC",,01/28/2015,(951) 358-0744,7404 Morris Street,Riverside,CA,92503,"7404 Morris Street
Riverside, CA 92503
(33.952493621000485, -117.45588006599968)"
965,59254,Children's Hospital Central California,Children's Homecare,12/04/2014,(559) 353-7125,"7555 N. Del Mar, Suite 101",Fresno,CA,93711,"7555 N. Del Mar, Suite 101
Fresno, CA 93711
(36.84739294300044, -119.79589449099967)"
966,59268,"Mission Surgical, Inc.",,11/26/2014,(858) 492-1023,"2382 Camino Vida Roble, Suite L",Carlsbad,CA,92011,"2382 Camino Vida Roble, Suite L
Carlsbad, CA 92011
(33.12001200600048, -117.2680761899997)"
967,59273,MTS Health Supplies Inc.,,03/25/2015,(951) 279-2289,"15870 El Prado Road, Unit B",Chino,CA,91708,"15870 El Prado Road, Unit B
Chino, CA 91708
(33.96517189700046, -117.67778920999967)"
968,59325,"Dentsply IH, Inc.",Wellspect HealthCare,02/28/2016,(877) 456-3742,"840 Apollo Street, Suite 115",El Segundo,CA,90245,"840 Apollo Street, Suite 115
El Segundo, CA 90245
(33.90327044600048, -118.38647668699969)"
969,59343,"Innovations Health Devices, LLC",Kinova USA; Wijit,07/05/2015,(916) 791-0505,"1009 Enterprise Way, Suite 350",Roseville,CA,95678,"1009 Enterprise Way, Suite 350
Roseville, CA 95678
(38.741080730000476, -121.30809057299967)"
970,59349,Wallace Home Medical Supplies,,01/17/2015,(805) 238-3935,549 10th Street,Paso Robles,CA,93446,"549 10th Street
Paso Robles, CA 93446
(35.62452828000045, -120.69262124799968)"
971,59361,"KCI USA, Inc.",,01/02/2015,(858) 537-9621,"7965 Dunbrook Road, Suite H",San Diego,CA,92126,"7965 Dunbrook Road, Suite H
San Diego, CA 92126
(32.89314102900045, -117.15013706599967)"
972,59390,"Memley Medical Supply, Inc.",Aid 2 Life Medical Supplies,01/08/2015,(562) 219-5925,14367 Clark Avenue,Bellflower,Ca,90706,"14367 Clark Avenue
Bellflower, Ca 90706
(33.90333242100047, -118.13410207199968)"
973,59410,"L.A. Medical Supply, Inc.",,12/24/2014,(323) 734-4800,"966 S. Western Avenue, #104",Los Angeles,CA,90006-1014,"966 S. Western Avenue, #104
Los Angeles, CA 90006-1014
(34.053870222000455, -118.30904680699967)"
974,59412,"Titan Medical DME, Inc.",,01/08/2015,(888) 578-4826,"803 Camarillo Springs Road, Suite A",Camarillo,CA,93012,"803 Camarillo Springs Road, Suite A
Camarillo, CA 93012
(34.20349286400045, -118.98559985599968)"
975,59437,"Tri Valley Sleep Center, LLC",,01/16/2015,(925) 327-0200,"5201 Norris Canyon Road, Suite 120",San Ramon,CA,94583,"5201 Norris Canyon Road, Suite 120
San Ramon, CA 94583
(37.77731726100046, -121.96050148499972)"
976,59448,Kid's Korner,,01/15/2015,(408) 971-1034,"165 Lewis Road, Suite 10",San Jose,CA,95111,"165 Lewis Road, Suite 10
San Jose, CA 95111
(37.29259036500048, -121.84504662399968)"
977,59449,"Sizewise Rentals, LLC",,03/11/2015,(510) 732-8011,19530 Cabot Blvd.,Hayward,CA,94545,"19530 Cabot Blvd.
Hayward, CA 94545
(37.65478359000048, -122.13888099999969)"
978,59450,"Sonitus Medical, Inc.",,01/28/2015,(650) 838-0325,"1900 Alameda De Las Pulgas, Suite# 200",San Mateo,CA,94403,"1900 Alameda De Las Pulgas, Suite# 200
San Mateo, CA 94403
(37.53879859600045, -122.3007176429997)"
979,59466,"Doctor DME, LLC",,02/15/2015,(805) 498-6888,"2363 Teller Road, Unit # 114",Newbury Park,CA,91320,"2363 Teller Road, Unit # 114
Newbury Park, CA 91320
(34.19113694600048, -118.92655578399967)"
980,59483,Morgan M Bischoff,Bischoff's Medical Supplies,02/19/2015,(916) 780-1062,118 Sunrise Avenue,Roseville,CA,95661,"118 Sunrise Avenue
Roseville, CA 95661
(38.743540829000494, -121.26638269399967)"
981,59484,California Sleep Solutions,,01/17/2015,(916) 789-0112,"1020 Sundown Way, Suite 150",Roseville,CA,95661,"1020 Sundown Way, Suite 150
Roseville, CA 95661
(38.733220324000456, -121.27439749999968)"
982,59486,"Abraham Ishaaya MD, a Professional Corporation",I Am Sleep,02/01/2015,(855) 426-7533,"5901 W. Olympic Blvd, #200, #201",Los Angeles,CA,90036,"5901 W. Olympic Blvd, #200, #201
Los Angeles, CA 90036
(34.068920653000475, -118.3508078379997)"
983,59503,"Super Care, Inc.",,01/24/2015,(626) 774-4508,"505 Watt Drive, Suite 3",Fairfield,CA,94534,"505 Watt Drive, Suite 3
Fairfield, CA 94534
(38.20458059900045, -122.14715464899967)"
984,59504,"Super Care, Inc.",,01/30/2016,(800) 206-4880,"3485 Sacramento Drive, Suite E",San Luis Obispo,CA,93401,"3485 Sacramento Drive, Suite E
San Luis Obispo, CA 93401
(35.25737672600047, -120.64496748199969)"
985,59505,"Super Care, Inc.",,01/25/2015,(800) 206-4880,1107 Kansas Avenue,Modesto,CA,95351,"1107 Kansas Avenue
Modesto, CA 95351
(37.64602741500045, -121.0250054709997)"
986,59510,"Family Home Medical, Inc.",,02/06/2015,(916) 925-7009,"5525 Dewey Drive, Suite 106A",Fair Oaks,CA,95628,"5525 Dewey Drive, Suite 106A
Fair Oaks, CA 95628
(38.66629992200046, -121.30863456299971)"
987,59563,"Sherman Oaks Medical Supplies, Inc.",,02/12/2015,(818) 896-9996,"10725 San Fernando Road, Suite 100",Pacoima,CA,91331,"10725 San Fernando Road, Suite 100
Pacoima, CA 91331
(34.26507887000048, -118.42106933999969)"
988,58897,"Stevenson Industries, Inc.",,02/07/2015,(805) 426-3544,"780 Chambers Lane, #200",Simi Valley,CA,93065,"780 Chambers Lane, #200
Simi Valley, CA 93065
(34.27804308500049, -118.78235227999971)"
989,59605,"Assurance Medical Supply, Inc.",,02/21/2015,(888) 865-0936,"10722 Arrow Route, Suite 612",Rancho Cucamonga,CA,91730,"10722 Arrow Route, Suite 612
Rancho Cucamonga, CA 91730
(34.09916757300044, -117.5699294639997)"
990,59612,"KCI USA, Inc.",,02/22/2015,(818) 846-3589,606 S. Glenwood Place,Burbank,CA,91506,"606 S. Glenwood Place
Burbank, CA 91506
(34.16651498800047, -118.3142608819997)"
991,59613,"The Mobility Center, Inc.",,02/07/2015,(949) 716-2006,"22692 Granite Way, Suite A",Laguna Hills,CA,92653,"22692 Granite Way, Suite A
Laguna Hills, CA 92653
(33.627752950000456, -117.7336122479997)"
992,59646,"West Healthcare Solutions, Inc.",Mercy Plaza Respiratory & Medical Supply,03/08/2015,(661) 324-9411,1329 34th Street,Bakersfield,CA,93301,"1329 34th Street
Bakersfield, CA 93301
(35.39050330100048, -119.01718966199968)"
993,59626,"Parkeville, LLC",Mega Health Vitamins,01/24/2015,(818) 785-4847,7130 Van Nuys Blvd.,Van Nuys,CA,91405,"7130 Van Nuys Blvd.
Van Nuys, CA 91405
(34.20018048300045, -118.44874361899969)"
994,59623,"Byram Healthcare Centers, Inc.",Byram Healthcare,03/01/2015,(866) 340-0511,5302 Rancho Road,Huntington Beach,CA,92647,"5302 Rancho Road
Huntington Beach, CA 92647
(33.754357610000454, -118.03603206699972)"
995,59620,NTS DME,South Coast Medical,02/22/2015,(800) 992-7846,"2775 Mesa Verde, Suite E, #W109",Costa Mesa,CA,92626,"2775 Mesa Verde, Suite E, #W109
Costa Mesa, CA 92626
(33.680151286000466, -117.90369808199972)"
996,59656,"Academy Medical Equipment, Inc.",,03/08/2015,(559) 261-9641,"230 W. Fallbrook Ave., #107",Fresno,CA,93711,"230 W. Fallbrook Ave., #107
Fresno, CA 93711
(36.84939808800044, -119.79545923599972)"
997,59681,Lincare Inc.,,04/15/2015,(209) 522-4985,"4824 Stratos Way, Suite A",Modesto,CA,95356,"4824 Stratos Way, Suite A
Modesto, CA 95356
(37.7095511120005, -121.0001548939997)"
998,59687,Comfort Care Enterprises LLC,Comforrt Care Providers,04/24/2015,(805) 604-7800,"2051 Cabot Place, Unit H",Oxnard,CA,93030,"2051 Cabot Place, Unit H
Oxnard, CA 93030
(34.20083800600048, -119.15244334899973)"
999,59697,"Care Concepts, Inc.",,03/15/2015,(818) 566-7553,"7222 Van Nuys Blvd., Suite E",Van Nuys,CA,91405,"7222 Van Nuys Blvd., Suite E
Van Nuys, CA 91405
(34.201953415000446, -118.4487160379997)"
1000,59701,Qualium Corp.,CPAP Specialist,03/08/2015,(866) 887-6673,50 Oak Lane,Mountain View,CA,94043,"50 Oak Lane
Mountain View, CA 94043
(37.38038268200046, -122.0751767429997)"
1001,59703,"KCI USA, Inc.",,03/20/2015,(510) 614-8417,14717 Catalina St.,San Leandro,CA,94577,"14717 Catalina St.
San Leandro, CA 94577
(37.692322195000486, -122.1715150389997)"
1002,59728,"SF Royal Medical Supply, Inc.",A to Z Royal Medical Supply,03/05/2015,(415) 831-2330,2411 Clement Street,San Francisco,CA,94121,"2411 Clement Street
San Francisco, CA 94121
(37.78198354800048, -122.48513849399973)"
1003,59735,Elk Grove Medical Supplies,Meskell's Medical Supplies,03/08/2015,(916) 955-6756,1972 Stockton Blvd.,Sacramento,CA,95816,"1972 Stockton Blvd.
Sacramento, CA 95816
(38.559798300000466, -121.4625640329997)"
1004,59761,Dynamic DME,,03/22/2015,(323) 728-8700,5875 S. Eastern Avenue,Commerce,CA,90040,"5875 S. Eastern Avenue
Commerce, CA 90040
(33.98411954100044, -118.16243765099972)"
1005,59762,"Super Care, Inc.",,04/04/2015,(818) 262-7417,"12176 Industrial Blvd., Unit 5",Victorville,CA,92395,"12176 Industrial Blvd., Unit 5
Victorville, CA 92395
(34.472320211000465, -117.28293293599972)"
1006,59778,"Mobility Professionals, Inc.",,03/18/2015,(949) 716-3694,24 Rancho Circle,Lake Forest,CA,92630,"24 Rancho Circle
Lake Forest, CA 92630
(33.67331763000044, -117.66885055299969)"
1007,59793,"Lemon Grove Medical Supplies, Inc.",Lemon Grove Medical Supplies,03/25/2015,(619) 464-1461,7737 Pacific Avenue,Lemon Grove,CA,91945,"7737 Pacific Avenue
Lemon Grove, CA 91945
(32.741677397000444, -117.0317081389997)"
1008,59795,"Armel Medical, Inc.",,03/29/2015,(818) 632-8062,1300 S. Central Avenue,Glendale,CA,91204,"1300 S. Central Avenue
Glendale, CA 91204
(34.129681148000486, -118.25778639799972)"
1009,59796,"Vision Quest Industries, Inc.",VQ OrthoCare,04/04/2015,(760) 734-1550,"1390 Decision Street, Suite A",Vista,CA,92081,"1390 Decision Street, Suite A
Vista, CA 92081
(33.13956340900046, -117.2245986699997)"
1010,59821,"KCI USA, Inc.",,03/26/2015,(909) 478-3860,"328 Commercial Road, Suite 105",San Bernardino,CA,92408,"328 Commercial Road, Suite 105
San Bernardino, CA 92408
(34.055838320000476, -117.2779977129997)"
1011,59843,Apria Healthcare LLC,,03/29/2015,(760) 353-6470,1201 S. Hope Street,El Centro,CA,92243,"1201 S. Hope Street
El Centro, CA 92243
(32.781951596000454, -115.53956627099967)"
1012,59896,"Got Sleep, Inc.",Renaissance Sleep Center of O.C.,04/15/2015,(714) 444-0440,"1504 Brookhollow Drive, #118",Santa Ana,CA,92705,"1504 Brookhollow Drive, #118
Santa Ana, CA 92705
(33.715142252000476, -117.84907013799972)"
1013,59894,"Altomed, LLC",,04/12/2015,(650) 967-8787,"305 South Drive, Suite 4",Mountain View,CA,94040,"305 South Drive, Suite 4
Mountain View, CA 94040
(37.36724275400047, -122.08169006299971)"
1014,59895,"National Seating Mobility, Inc.",,04/19/2015,(559) 252-4396,"4980 East University Avenue, Unit 114",Fresno,CA,93727,"4980 East University Avenue, Unit 114
Fresno, CA 93727
(36.76729339900049, -119.72845980999972)"
1015,59917,"KCI USA, Inc.",,04/17/2015,(530) 226-8040,2922 Innsbruck Dr.,Redding,CA,96003,"2922 Innsbruck Dr.
Redding, CA 96003
(40.56810501500047, -122.30449134599968)"
1016,59918,Care Medical & Surgical Supplies,,04/03/2015,(916) 965-3632,7996-A California Avenue,Fair Oaks,CA,95628,"7996-A California Avenue
Fair Oaks, CA 95628
(38.641642497000475, -121.26858328299971)"
1017,59919,"KCI USA, Inc.",,04/16/2015,(714) 774-1193,"720 N. Valley Street, Suite K",Anaheim,CA,92801-3830,"720 N. Valley Street, Suite K
Anaheim, CA 92801-3830
(33.84155917200047, -117.95642396199969)"
1018,59959,Valley Oxygen,Synergy Sleep & Respiratory,05/07/2015,(661) 368-9715,"16 W. Mission Street, Suite J",Santa Barbara,CA,93101,"16 W. Mission Street, Suite J
Santa Barbara, CA 93101
(34.430432462000454, -119.7151705439997)"
1019,60014,Qualium Corp.,CPAP Specialist,04/23/2015,(866) 887-6673,2939 Summit Street,Oakland,CA,94609,"2939 Summit Street
Oakland, CA 94609
(37.818518948000474, -122.2648026229997)"
1020,65466,"Prismatik Dentalcraft, Inc.",Glidewell Labs.,04/25/2015,(949) 440-2683,18651 Von Karman Avenue,Irvine,CA,92612,"18651 Von Karman Avenue
Irvine, CA 92612
(33.67373014700047, -117.85529205499972)"
1021,65471,"KCI USA, Inc.",,05/02/2015,(916) 921-1370,"3951 Performance Drive, Suite H",Sacramento,CA,95838,"3951 Performance Drive, Suite H
Sacramento, CA 95838
(38.639410274000454, -121.4635346559997)"
1022,60066,Precision Movement and Bracing,Precision Movement and Bracing,05/08/2015,(559) 288-3588,"1450 Tollhouse Road, #108",Clovis,CA,93611,"1450 Tollhouse Road, #108
Clovis, CA 93611
(36.82747707900046, -119.68924189899968)"
1023,60123,ATG-Rehab Specialists Inc.,Numotion,05/21/2015,(877) 444-6385,"90 E. Escalon Ave., Suite 101",Fresno,CA,93710,"90 E. Escalon Ave., Suite 101
Fresno, CA 93710
(36.826557558000445, -119.78851904299972)"
1024,71417,Elk Grove Medical Supplies,Meskell's Medical Supplies,05/07/2015,(916) 379-9813,"8363 Folsom Blvd., Suite 108",Sacramento,CA,95826,"8363 Folsom Blvd., Suite 108
Sacramento, CA 95826
(38.54709752000048, -121.39557076999972)"
1025,71418,Hoveround Corporation,,05/17/2015,(800) 771-6565,"4781 Pell Drive, Unit 4",Sacramento,CA,95838,"4781 Pell Drive, Unit 4
Sacramento, CA 95838
(38.65432080000045, -121.47195437799968)"
1026,53956,Quality Care DME Solutions,,05/02/2014,(909) 825-5213,12210 Michigan Ave. Unit 3 & 4,Grand Terrace,CA,92313,"12210 Michigan Ave. Unit 3 &amp; 4
Grand Terrace, CA 92313
(34.032930972000486, -117.31366805999971)"
1027,71428,"1st Medical Supply, Inc.",,05/07/2015,(866) 737-9397,891 W 16th Street,Newport Beach,CA,92663,"891 W 16th Street
Newport Beach, CA 92663
(33.632409306000454, -117.93579077599969)"
1028,71436,Enhance Healthcare Medical Supply,,05/14/2015,(951) 509-0440,"9840 Indiana Blvd., Unit 4",Riverside,CA,92503,"9840 Indiana Blvd., Unit 4
Riverside, CA 92503
(33.91049209400046, -117.4476709919997)"
1029,71439,Lincare Inc.,,06/19/2015,(818) 504-9010,"9990 Glenoaks Blvd., Suite B",Sun Valley,CA,91352,"9990 Glenoaks Blvd., Suite B
Sun Valley, CA 91352
(34.25101181400049, -118.38873861699972)"
1030,71440,"Medline Industries, Inc.",,06/10/2015,(909) 386-0362,1089 E. Mill Street,San Bernardino,CA,92408,"1089 E. Mill Street
San Bernardino, CA 92408
(34.09203264400048, -117.26211005199968)"
1031,71463,"Pacific Medical, Inc.",Pacific Medical Prosthetics & Orthotics,08/02/2015,(559) 438-2745,"6011 Fresno Street, Suite 115",Fresno,CA,93710,"6011 Fresno Street, Suite 115
Fresno, CA 93710
(36.82327009800048, -119.78144403299967)"
1032,71464,"Medequip Resources, LLC",,05/22/2015,(800) 580-6431,25441 Rye Canyon Road,Valencia,CA,91355,"25441 Rye Canyon Road
Valencia, CA 91355
(34.435863758000494, -118.58124697399973)"
1033,40843,California Tool & Welding Supply,,11/15/2014,(951) 686-7822,201 North Main Street,Riverside,CA,92501,"201 North Main Street
Riverside, CA 92501
(34.018122984000456, -117.3626927309997)"
1034,71502,"Ready Medical Supply, Inc.",,05/28/2014,(562) 461-7880,"2550 West Main Street, Suite 204",Alhambra,CA,91801,"2550 West Main Street, Suite 204
Alhambra, CA 91801
(34.09508273400047, -118.15185828299968)"
1035,71509,"West Coast DME & Supplies, LLC",OrthoKinetix,05/30/2015,(909) 477-3117,"10574 Acacia Street , Suite D4",Rancho Cucamonga,CA,91730,"10574 Acacia Street , Suite D4
Rancho Cucamonga, CA 91730
(34.090021153000464, -117.5743486989997)"
1036,71513,"Sincere Care Management, Inc.",Sincere Care Medical Supply,06/05/2015,(415) 752-3288,2272 Palou Avenue,San Francisco,CA,94124,"2272 Palou Avenue
San Francisco, CA 94124
(37.741212060000464, -122.40307052099968)"
1037,71522,"Kadence Healthcare, Inc.",,06/20/2014,(650) 260-2543,"1755 E. Bayshore Road, #9A",Redwood City,CA,94063,"1755 E. Bayshore Road, #9A
Redwood City, CA 94063
(37.48871515000047, -122.20968437399972)"
1038,71523,"Medline Industries, Inc.",,06/07/2015,(909) 796-8543,1455 Research Drive,Redlands,CA,92374,"1455 Research Drive
Redlands, CA 92374
(34.07200944200048, -117.23679211599972)"
1039,71541,"CPAP Care, Inc.",,06/04/2015,(626) 357-9100,"931 Buena Vista Street, Suite 300",Duarte,CA,91010,"931 Buena Vista Street, Suite 300
Duarte, CA 91010
(34.14156002100049, -117.97758257199968)"
1040,71584,"Xsportsmed, LLC",,06/10/2015,(760) 230-1305,"619 S. Vulcan Avenue, #104",Encinitas,CA,92024,"619 S. Vulcan Avenue, #104
Encinitas, CA 92024
(33.044364190000465, -117.29236666799972)"
1041,71609,"New West Medical, Inc.",,06/20/2015,(530) 897-2123,"2555 Zanella Way, Suite C",Chico,CA,95928,"2555 Zanella Way, Suite C
Chico, CA 95928
(39.71225147600046, -121.7920536579997)"
1042,71611,"New West Medical, Inc.",,07/16/2015,(530) 221-5864,2971 Churn Creek Road,Redding,CA,96002,"2971 Churn Creek Road
Redding, CA 96002
(40.564510218000464, -122.3530835409997)"
1043,71637,Paula Henry,Yosemite Medical Supply,06/12/2015,(559) 683-5741,"40671 Highway 41, #A",Oakhurst,CA,93644,"40671 Highway 41, #A
Oakhurst, CA 93644
(37.33824673400045, -119.6445794549997)"
1044,71685,"Healthy Standards, Inc.",Healthy Standards Medical Supply,08/08/2014,(323) 721-0011,5354 Whittier Blvd.,Los Angeles,CA,90022,"5354 Whittier Blvd.
Los Angeles, CA 90022
(34.019887123000444, -118.15494952499972)"
1045,71702,"Gravity Plus Products, Inc.",,07/09/2014,(805) 426-4100,"2380 Shasta Way, Unit E",Simi Valley,CA,93065,"2380 Shasta Way, Unit E
Simi Valley, CA 93065
(34.276455316000465, -118.78862617099969)"
1046,71707,A+ Medical Supplies,,07/29/2015,(818) 561-4055,"224 E. Olive Avenue, Suite 213",Burbank,CA,91502,"224 E. Olive Avenue, Suite 213
Burbank, CA 91502
(34.18109015300047, -118.30848002899972)"
1047,71713,"Pacific Home Medical, Inc.",,07/03/2015,(530) 823-7413,"3740 Grass Valley Highway, #3",Auburn,CA,95602,"3740 Grass Valley Highway, #3
Auburn, CA 95602
(38.95139057500046, -121.1002962499997)"
1048,71717,"Pulmonary Solutions, LLC",,06/20/2015,(877) 290-8636,"3375 Scott Blvd., Suite 110",Santa Clara,CA,95054,"3375 Scott Blvd., Suite 110
Santa Clara, CA 95054
(37.38061844200047, -121.9847497449997)"
1049,71751,"Nationwide Medical, Inc.",,07/16/2015,(818) 338-3500,29901 Agoura Road,Agoura Hills,CA,91301,"29901 Agoura Road
Agoura Hills, CA 91301
(34.14488441500049, -118.77459608299972)"
1050,60006,"Hygeia II Medical Group, Inc.",,12/17/2014,(760) 840-0341,1375 S. Acacia Avenue,Fullerton,CA,92831,"1375 S. Acacia Avenue
Fullerton, CA 92831
(33.857867024000484, -117.89806220599968)"
1051,71805,"ArjoHuntleigh, Inc.",,06/27/2015,(323) 353-5619,"3378 North San Fernando Road, Suite 101/102",Los Angeles,CA,90065,"3378 North San Fernando Road, Suite 101/102
Los Angeles, CA 90065
(34.118768143000466, -118.2497667449997)"
1052,71806,"ArjoHuntleigh, Inc.",,07/15/2016,(858) 530-0044,"7756 Trade Street, Suite C",San Diego,CA,92121,"7756 Trade Street, Suite C
San Diego, CA 92121
(32.88911841400045, -117.1542184489997)"
1053,71807,"ArjoHuntleigh, Inc.",,08/09/2014,(408) 437-1659,"1040 Commercial Street, Suite 110-111",San Jose,CA,95112,"1040 Commercial Street, Suite 110-111
San Jose, CA 95112
(37.36774290900047, -121.88696671499969)"
1054,71808,Manuel Hernandez,Medi-Stop West,07/15/2015,(661) 328-9920,2333 Brundage Lane,Bakersfield,CA,93304,"2333 Brundage Lane
Bakersfield, CA 93304
(35.35397366200044, -119.0290892759997)"
1055,71809,"Sleepmed Therapies, Inc.",,07/17/2015,(408) 260-9170,"1101 South Winchester Blvd., Suite N260",San Jose,CA,95128,"1101 South Winchester Blvd., Suite N260
San Jose, CA 95128
(37.30582037200048, -121.95013404699972)"
1056,71810,"Sleepmed Therapies, Inc.",,07/11/2015,(805) 682-7193,"2323 Oak Park Lane, Suite 201",Santa Barbara,CA,93105,"2323 Oak Park Lane, Suite 201
Santa Barbara, CA 93105
(34.42888725300048, -119.72486699599972)"
1057,71811,"Sleepmed Therapies, Inc.",,07/18/2015,(626) 793-3462,"959 E. Walnut Street, Suite 125",Pasadena,CA,91107,"959 E. Walnut Street, Suite 125
Pasadena, CA 91107
(34.14962080200047, -118.1304882229997)"
1058,71812,"Sleepmed Therapies, Inc.",,07/09/2015,(909) 478-0172,"11201 California Street, Suite B1",Redlands,CA,92354,"11201 California Street, Suite B1
Redlands, CA 92354
(34.050542797000446, -117.22613139799972)"
1059,71813,"Sleepmed Therapies, Inc.",,07/17/2015,(209) 575-0861,"1200 Scenic Drive, Suite 100",Modesto,CA,95350,"1200 Scenic Drive, Suite 100
Modesto, CA 95350
(37.648474416000454, -120.97717148099969)"
1060,71882,"Coastline Medical, LLC",,10/02/2014,(805) 962-7100,501 E. Gutierrez Street,Santa Barbara,CA,93103,"501 E. Gutierrez Street
Santa Barbara, CA 93103
(34.42127182200045, -119.6884802399997)"
1061,71883,Apria Healthcare LLC,,08/20/2015,(714) 626-6040,750 Columbia Street,Brea,CA,92821,"750 Columbia Street
Brea, CA 92821
(33.930283388000475, -117.90933868099972)"
1062,71884,"Vision Quest Industries, Inc.",,07/18/2015,(949) 468-8726,"6485 Day Street, Suite 301",Riverside,CA,92506,"6485 Day Street, Suite 301
Riverside, CA 92506
(33.931936229000485, -117.27892451799971)"
1063,71885,"Vision Quest Industries, Inc.",VQ OrthoCare,08/08/2015,(760) 477-8201,6800 Brockton Avenue,Riverside,CA,92506,"6800 Brockton Avenue
Riverside, CA 92506
(33.94961982900048, -117.3967057859997)"
1064,71910,"ArjoHuntleigh, Inc.",,07/26/2015,(209) 481-1079,616 Commerce Court,Manteca,CA,95336,"616 Commerce Court
Manteca, CA 95336
(37.79221235300048, -121.1912377869997)"
1065,71911,Sierra Home Care,,07/17/2014,(909) 596-3330,"1440 N. Benson Avenue, Suite E",Upland,CA,91786,"1440 N. Benson Avenue, Suite E
Upland, CA 91786
(34.11531104100044, -117.6808757659997)"
1066,71960,"Lincare, Inc.",,08/29/2015,(760) 340-1504,"41951 Corporate Way, Suites B&C",Palm Desert,CA,92260,"41951 Corporate Way, Suites B&amp;C
Palm Desert, CA 92260
(33.725291548000484, -116.38248993199971)"
1067,71964,Life Force D.M.E. LLC,,07/17/2015,(619) 534-8200,"3025 Beyer Blvd., Suite E102",San Diego,CA,92173,"3025 Beyer Blvd., Suite E102
San Diego, CA 92173
(32.547967533000474, -117.03270963999972)"
1068,71967,"KCI USA, Inc.",,08/07/2015,(209) 239-1896,1076 Mellon Avenue,Manteca,CA,95337,"1076 Mellon Avenue
Manteca, CA 95337
(37.78795827500045, -121.21292954299969)"
1069,72016,Elk Grove Medical Supplies,Mekell's Medical Supplies,07/25/2015,(916) 782-2020,"8870 Auburn Folsom Rd., Suite C",Granite Bay,CA,95746,"8870 Auburn Folsom Rd., Suite C
Granite Bay, CA 95746
(38.73789003900049, -121.17060502899972)"
1070,72017,Med-Supply Plus,,04/10/2015,(909) 657-9996,"9375 Archibald, Unit 803",Rancho Cucamonga,CA,91730,"9375 Archibald, Unit 803
Rancho Cucamonga, CA 91730
(34.08340090000047, -117.5933864639997)"
1071,72018,Nancy Tuscano,Sierra Sleep Diagnostics,09/11/2014,(530) 265-5902,"590 Searls Avenue, Suite 3",Nevada city,CA,95959,"590 Searls Avenue, Suite 3
Nevada city, CA 95959
(39.25161068800048, -121.02397255999972)"
1072,72019,"Nancy Tuscano, RPT",Sierra Sleep Diagnostics,09/11/2014,(530) 755-1251,"565 Reeves Avenue, Suite 3",Yuba City,CA,95991,"565 Reeves Avenue, Suite 3
Yuba City, CA 95991
(39.13551829500045, -121.61793926699971)"
1073,72021,Valley Oxygen,Synergy Sleep & Respiratory,07/31/2014,(818) 294-7113,"1314 W. Glenoaks Blvd., Suite 105",Glendale,CA,91201,"1314 W. Glenoaks Blvd., Suite 105
Glendale, CA 91201
(34.16651729200049, -118.28356639899971)"
1074,72030,"Inland Empire Diagnostics, Inc.",,07/25/2015,(951) 245-5680,"119 W. Sulphur Street, Suite B-2",Lake Elsinore,CA,92530,"119 W. Sulphur Street, Suite B-2
Lake Elsinore, CA 92530
(33.667377617000454, -117.3288018179997)"
1075,72031,"Aabica Medical, Inc.",,07/24/2015,(916) 857-0817,3366 Mather Field Rd.,Rancho Cordova,CA,95670,"3366 Mather Field Rd.
Rancho Cordova, CA 95670
(38.573968050000474, -121.30265630999969)"
1076,72069,ArjoHuntleigh Inc.,,08/09/2014,(909) 383-6619,380 East Orangeshow Road,San Bernardino,CA,92408,"380 East Orangeshow Road
San Bernardino, CA 92408
(34.079808813000454, -117.27642693199971)"
1077,72102,Mendo-Lake Home Respiratory Services Inc.,,10/28/2014,(707) 263-9888,843 Parallel Drive,Lakeport,CA,95453,"843 Parallel Drive
Lakeport, CA 95453
(39.037820930000464, -122.92834410499972)"
1078,72109,"MCM Healthcare Supplies, LLC",,08/08/2014,(408) 826-2070,3258 Evco Court,San Jose,CA,95127,"3258 Evco Court
San Jose, CA 95127
(37.379254140000455, -121.83355769699972)"
1079,72110,Shasta Medical Equipment,,08/07/2015,(530) 222-9444,310 Lake Blvd.,Redding,CA,96003,"310 Lake Blvd.
Redding, CA 96003
(40.611326276000455, -122.38167510999972)"
1080,72126,Central Orthopedic,,08/16/2014,(209) 869-4041,6619 Cipponeri Circle,Riverbank,CA,95367,"6619 Cipponeri Circle
Riverbank, CA 95367
(37.73552815400046, -120.96259050699967)"
1081,72133,The CPAP Supply Store,,10/22/2014,(714) 906-9718,950 N. Winter Street,Anaheim,CA,92805,"950 N. Winter Street
Anaheim, CA 92805
(33.845839568000486, -117.9286186599997)"
1082,72143,"Eric's Medical Supply, Inc.",,08/07/2014,(619) 298-9640,5267 Linda Vista Road,San Diego,CA,92110,"5267 Linda Vista Road
San Diego, CA 92110
(32.76651101900046, -117.19590685199972)"
1083,72170,"Pulmocare Respiratory Services, Inc.",,09/19/2014,(888) 785-6622,"6712 Preston Avenue, Unit B",Livermore,CA,94551,"6712 Preston Avenue, Unit B
Livermore, CA 94551
(37.70999988700049, -121.71264217699968)"
1084,72171,Prescribed O2 Corp.,Prescribed Oxygen,08/09/2014,(760) 634-6701,"7965 Silverton Avenue, Suite 1317",San Diego,CA,92126,"7965 Silverton Avenue, Suite 1317
San Diego, CA 92126
(32.89065325300044, -117.14958397099969)"
1085,72200,SuperCare,,08/19/2014,(626) 774-4508,"399 Business Park Court, #403",Windsor,CA,95492,"399 Business Park Court, #403
Windsor, CA 95492
(38.52806067300048, -122.7842040219997)"
1086,72201,ArjoHuntleigh Inc.,,10/03/2014,(530) 356-1098,"2915 Innsbrook Dr., Suite C",Redding,CA,96003,"2915 Innsbrook Dr., Suite C
Redding, CA 96003
(40.61802578300046, -122.35252748899973)"
1087,72202,ArjoHuntleigh Inc.,,10/15/2014,(714) 735-3717,"16855 Knott Avenue, Bldg. B",La Mirada,CA,90638,"16855 Knott Avenue, Bldg. B
La Mirada, CA 90638
(33.87790798900045, -118.01145971899967)"
1088,72216,World Best Medical Supplies Inc.,Diabetic Corner,08/21/2014,(951) 847-7022,328 Minaret Street,Corona,CA,92881,"328 Minaret Street
Corona, CA 92881
(33.83712486000047, -117.5678588129997)"
1089,72248,Lincare Inc.,,08/23/2015,(916) 928-9350,1431 North Market Blvd. Suite 4,Sacramento,CA,95834,"1431 North Market Blvd. Suite 4
Sacramento, CA 95834
(38.64672576100048, -121.4931623819997)"
1090,72262,One Sky Medical,,09/20/2014,(408) 320-1318,"1400 Coleman Avenue, Suite D14-2",Santa Clara,CA,95050,"1400 Coleman Avenue, Suite D14-2
Santa Clara, CA 95050
(37.35694826800045, -121.93531570299967)"
1091,72283,"Jongro Medical Supply, Inc.",,08/28/2014,(714) 530-8275,6035 Beach Blvd.,Buena Park,CA,90621,"6035 Beach Blvd.
Buena Park, CA 90621
(33.87270040900046, -117.99835245199972)"
1092,72304,A-1 Healthcare Center,Gregory L. Thomas & Maria E. Thomas,09/12/2015,(760) 945-4700,"1205 North Melrose Drive, Suite N",Vista,CA,92083,"1205 North Melrose Drive, Suite N
Vista, CA 92083
(33.21400772800047, -117.2559119279997)"
1093,72305,Precision Medical Products Inc.,,09/09/2015,(888) 963-6265,6205 South Walnut Street,Loomis,CA,95650,"6205 South Walnut Street
Loomis, CA 95650
(38.81613454400048, -121.19168252599968)"
1094,72309,"American Discount Home Medical Equipment, Inc.",,01/14/2015,(800) 956-6616,2972 Vivian Lane,San Jose,CA,95124,"2972 Vivian Lane
San Jose, CA 95124
(37.26784001100049, -121.9283651399997)"
1095,72316,"Diamond Respiratory Care, Inc.",,12/06/2014,(800) 977-3002,"7801 Telegraph Road, Suite N",Montibello,CA,90640,"7801 Telegraph Road, Suite N
Montibello, CA 90640
(33.97573284000049, -118.12428878799972)"
1096,72345,"RGH Enterprises, Inc. known in CA as HHI Enterprises, Inc.","Edgepark Medical Supplies, Independence Medical",01/17/2015,(909) 923-2691,3980 Earlstone Street,Ontario,CA,91761,"3980 Earlstone Street
Ontario, CA 91761
(34.02950868000045, -117.56719279399971)"
1097,72346,"Action Medical Supply, LLC",,12/05/2014,(562) 862-0202,5582 Imperial Hwy,South Gate,CA,90280,"5582 Imperial Hwy
South Gate, CA 90280
(33.93016287100045, -118.17162492799969)"
1098,72365,California Sleep Inc.,,09/17/2014,(909) 335-5444,1879 W. Redlands Blvd.,Redlands,CA,92373,"1879 W. Redlands Blvd.
Redlands, CA 92373
(34.06288337100045, -117.2171192079997)"
1099,72368,"B.A.T. Distribution, Inc.",Physician's Choice Medical Supply,09/23/2014,(818) 779-7746,"7758 Balboa Blvd., Suite A",Van Nuys,CA,91406,"7758 Balboa Blvd., Suite A
Van Nuys, CA 91406
(34.21196098200045, -118.50111605299969)"
1100,72382,"Advanced Sleep Medicine Services, Inc.",,08/02/2015,(877) 775-3377,"11500 W. Olympic Blvd., # 415",Los Angeles,CA,90064,"11500 W. Olympic Blvd., # 415
Los Angeles, CA 90064
(34.03609627600048, -118.4446450259997)"
1101,72399,"Academy Medical Equipment, Inc.",,10/11/2014,(909) 247-1398,"1494 E. Francis Street, Unit A",Ontario,CA,91761,"1494 E. Francis Street, Unit A
Ontario, CA 91761
(34.04122748600048, -117.62060567199967)"
1102,72420,"Magnetize Marketing, LLC",Vibrant Healthcare Services,09/18/2014,(866) 588-1172,"28422 Constellation Road, Suite 210",Valencia,CA,91355,"28422 Constellation Road, Suite 210
Valencia, CA 91355
(34.45383415400045, -118.5777013119997)"
1103,72429,Norman  Cheung MD,,02/04/2015,(510) 786-2222,"27206 Calaroga Avenue, #120",Hayward,CA,94545,"27206 Calaroga Avenue, #120
Hayward, CA 94545
(37.63284547800049, -122.08967929199969)"
1104,72449,"Advance Medical Equipment, Inc.",,09/20/2014,(818) 409-9200,"8340 Van Nuys Blvd., Suite G",Panorama City,CA,91402,"8340 Van Nuys Blvd., Suite G
Panorama City, CA 91402
(34.22278090900045, -118.4487160379997)"
1105,72459,Focus Surgical Inc.,,11/04/2014,(415) 656-4496,"100 N Hill Drive, Suite 43",Brisbane,CA,94005,"100 N Hill Drive, Suite 43
Brisbane, CA 94005
(37.69030455000046, -122.40723041599972)"
1106,72462,Comfort Medical Supply,,09/06/2014,(909) 795-6615,"34664 County Line Road, Suite 14",Yucaipa,CA,92399,"34664 County Line Road, Suite 14
Yucaipa, CA 92399
(34.00428753500046, -117.0486406279997)"
1107,72474,"Lantan, LLC",Azul Home Care Partners,10/01/2014,(562) 869-0349,"8043 2nd Street, Suite 103",Downey,CA,90241,"8043 2nd Street, Suite 103
Downey, CA 90241
(33.94329866500044, -118.13671424899968)"
1108,72475,Apria Healthcare LLC,,10/02/2014,(951) 658-7466,"38444 Sky Canyon Drive, Suite 110",Murrieta,CA,92563,"38444 Sky Canyon Drive, Suite 110
Murrieta, CA 92563
(33.56051598400046, -117.13599292599969)"
1109,72480,"Brannons Rentals & Sales, Inc.",Brannons Medical,10/03/2014,(408) 722-9499,"17015 Walnut Grove Drive, Suite 103",Morgan Hill,CA,95037,"17015 Walnut Grove Drive, Suite 103
Morgan Hill, CA 95037
(37.13074497800045, -121.6384671669997)"
1110,72481,"Western Healthcare Ind., Inc.",Northern Medical Supply Company,10/24/2014,(209) 223-7306,825 N. State Highway 49-88,Jackson,CA,95642,"825 N. State Highway 49-88
Jackson, CA 95642
(38.355375111000455, -120.7799135089997)"
1111,72482,Silva Aslanyan,Aslanyan Medical Supply,10/28/2014,(323) 662-0951,5122 Santa Monica Blvd.,Los Angeles,CA,90029,"5122 Santa Monica Blvd.
Los Angeles, CA 90029
(34.09080315900047, -118.30131845199969)"
1112,72494,"Meridian Medical Products, Inc.",City of Sleep.com,10/04/2014,(818) 261-4001,1989 Riverside Drive,Los Angeles,CA,90039,"1989 Riverside Drive
Los Angeles, CA 90039
(34.09890485300048, -118.2488850209997)"
1113,72496,"Redwood Electrotherapy, LLC",,09/30/2015,(510) 856-4350,"21060 Redwood Road, Suite 200",Castro Valley,CA,94546,"21060 Redwood Road, Suite 200
Castro Valley, CA 94546
(37.69292138200046, -122.07385454699971)"
1114,72497,South Coast Fitter,,02/13/2015,(888) 712-2430,"1580 E. Edinger Street, Suite T",Santa Ana,CA,92705,"1580 E. Edinger Street, Suite T
Santa Ana, CA 92705
(33.72667336000046, -117.84831017699969)"
1115,72523,Arcmed Equipment & Supplies,,10/07/2014,(818) 848-8152,3210 N. San Fernando Blvd.,Burbank,CA,91504,"3210 N. San Fernando Blvd.
Burbank, CA 91504
(34.20393418800046, -118.3459428699997)"
1116,72526,Libra Medical Supply Inc.,,10/14/2015,(818) 646-1122,14509 Gilmore Street,Van Nuys,CA,91411,"14509 Gilmore Street
Van Nuys, CA 91411
(34.18766737000044, -118.4490835089997)"
1117,72547,ArjoHuntleigh Inc.,,10/10/2014,(916) 203-3287,4680 Pell Drive,Sacramento,CA,95838,"4680 Pell Drive
Sacramento, CA 95838
(38.652684560000466, -121.47177923199968)"
1118,72548,ArjoHuntleigh Inc.,,10/25/2014,(510) 383-9210,1461 Doolittle Drive,San Leandro,CA,94577,"1461 Doolittle Drive
San Leandro, CA 94577
(37.71343660700046, -122.18554983099972)"
1119,72554,Sherian L. Prince,Pacific Medical Supply,10/02/2014,(559) 662-0658,401 West olive Ave #2,Madera,CA,93637,"401 West olive Ave #2
Madera, CA 93637
(36.952957797000465, -120.06062312499972)"
1120,72559,"Academy Medical Equipment, Inc.",,10/16/2014,(562) 803-1928,"7700 Imperial Hwy, Unit B1",Downey,CA,90242,"7700 Imperial Hwy, Unit B1
Downey, CA 90242
(33.926684812000474, -118.1579596149997)"
1121,72589,"Dynamic Medical Systems, LLC",,10/22/2014,(510) 782-6201,"2613 Barrington Court, Suite C",Hayward,CA,94545,"2613 Barrington Court, Suite C
Hayward, CA 94545
(37.65524752700048, -122.14229317199971)"
1122,72618,Medical Supply Center,,10/15/2014,(323) 666-1185,4870 Santa Monica Blvd,Los Angeles,CA,90029,"4870 Santa Monica Blvd
Los Angeles, CA 90029
(34.09082589900049, -118.29545482099968)"
1123,72620,Access Medical Inc.,"Access Medical Rehab, AMR",11/06/2014,(714) 988-2474,1440 S. State College Blvd. Suite 4F,Anaheim,CA,92806,"1440 S. State College Blvd. Suite 4F
Anaheim, CA 92806
(33.81117086500046, -117.88921638399972)"
1124,72625,Valley Home Medical Supply,,11/14/2014,(818) 700-1509,"9001 Oso Avenue, Unit F",Chatsworth,CA,91311,"9001 Oso Avenue, Unit F
Chatsworth, CA 91311
(34.234761183000444, -118.57539213899969)"
1125,72631,Lincoln Health DME & Supplies,,10/23/2014,(951) 736-9000,"218 N. Lincoln Avenue, Suite 101",Corona,CA,92882,"218 N. Lincoln Avenue, Suite 101
Corona, CA 92882
(33.88478554100044, -117.58212175799969)"
1126,72634,"CT/CTR, Inc.",,10/28/2014,(714) 826-7890,3898 Cerritos Avenue,Los Alamitos,CA,90720,"3898 Cerritos Avenue
Los Alamitos, CA 90720
(33.81032545100044, -118.06466473899968)"
1127,72651,Bennett Medical Services,,10/31/2014,(916) 681-0111,"9412 Big Horn Blvd., Suite 1",Elk Grove,CA,95758,"9412 Big Horn Blvd., Suite 1
Elk Grove, CA 95758
(38.41570513000045, -121.40693457299972)"
1128,72650,American International Medical Supply,,11/20/2014,(714) 588-1502,"615 N. Berry St., Suite E",Brea,CA,92821,"615 N. Berry St., Suite E
Brea, CA 92821
(33.92844204200048, -117.90668267099971)"
1129,72700,KNC MEDICAL SUPPLY,,11/14/2014,(323) 299-0837,3931 West Slauson Avenue,Los Angeles,CA,90043,"3931 West Slauson Avenue
Los Angeles, CA 90043
(33.988978320000456, -118.3431601099997)"
1130,72717,Halls Medical Services,,11/12/2014,(714) 912-4371,1669 N. O'Donnell Way,Orange,CA,92867,"1669 N. O'Donnell Way
Orange, CA 92867
(33.81514978500047, -117.85533746199968)"
1131,72724,"Pacific Medical, Inc.",Pacific Medical Prosthetics & Orthotics,11/20/2014,(925) 935-9194,"190 N. Wiget Lane, Suite B",Walnut Creek,CA,94598,"190 N. Wiget Lane, Suite B
Walnut Creek, CA 94598
(37.92650158100048, -122.0247362289997)"
1132,72725,"Pacific Medical, Inc.",Pacific Medical Prosthetics & Orthotics,01/06/2015,(800) 217-9387,"2120 Forest Avenue, Suite 3",San Jose,CA,94123,"2120 Forest Avenue, Suite 3
San Jose, CA 94123
(37.3270254790005, -121.9381258199997)"
1133,72728,"Gibraltar Healthcare Supplies, LLC",,11/26/2014,(818) 880-4600,"27001 Agoura Road, Suite 170",Calabasas,CA,91301,"27001 Agoura Road, Suite 170
Calabasas, CA 91301
(34.138118155000484, -118.71462580799971)"
1134,72742,"Hanger Prosthetics & Orthotics West, Inc.",,12/03/2014,(925) 930-7801,2075 N. Broadway Avenue,Walnut Creek,CA,94596,"2075 N. Broadway Avenue
Walnut Creek, CA 94596
(37.90829322300044, -122.06184316099973)"
1135,56616,"Breathe Homecare, Inc.",,12/10/2014,(949) 988-7700,"175 Technology Drive, Suite 100",Irvine,CA,92618,"175 Technology Drive, Suite 100
Irvine, CA 92618
(33.66523667800044, -117.7468657929997)"
1136,72814,RecoverCare LLC,,11/20/2014,(502) 381-1867,4360 Pinell Street,Sacramento,CA,95838,"4360 Pinell Street
Sacramento, CA 95838
(38.64670076100049, -121.41984473799971)"
1137,72817,"Your Choice Medical Supply, Inc.",,12/18/2014,(562) 688-6290,14026 Lambert Road,Whittier,CA,90605,"14026 Lambert Road
Whittier, CA 90605
(33.951513487000454, -118.0283794559997)"
1138,72820,"American Carequest, Inc.",AMCQ Medical Supply,01/21/2015,(415) 885-9100,"1426 Fillmore Street, #209",San Francisco,CA,94115,"1426 Fillmore Street, #209
San Francisco, CA 94115
(37.78281780000049, -122.43257600699968)"
1139,72821,Photo-Script Pharmaceuticals Corp,PSP Homecare,01/09/2015,(800) 507-8758,"2221 E. Winston Road, Suite O",Anaheim,CA,92806,"2221 E. Winston Road, Suite O
Anaheim, CA 92806
(33.81451529700047, -117.88582174599969)"
1140,72844,Independent Life Medical Supplies,,01/07/2015,(510) 868-2185,2036 Blake Street,Berkeley,CA,94704,"2036 Blake Street
Berkeley, CA 94704
(37.86292327900048, -122.26821568099967)"
1141,72880,Whole Health Medical Solutions,,12/17/2014,(805) 449-0061,684 N. Moorpark Road,Thousand Oaks,CA,91360,"684 N. Moorpark Road
Thousand Oaks, CA 91360
(34.18718622400047, -118.87469449599968)"
1142,72883,"Orion Medical Group, Inc.",,01/06/2015,(714) 649-9284,"480 Apollo St., Suite C",Brea,CA,92821,"480 Apollo St., Suite C
Brea, CA 92821
(33.92835773100046, -117.90180061699971)"
1143,72889,"Dynamic Medical Systems, LLC.",,12/13/2014,(909) 890-9292,"580 Nevada Street, Suites O&P",Redlands,CA,92373,"580 Nevada Street, Suites O&amp;P
Redlands, CA 92373
(34.042980970000485, -117.18429986599972)"
1144,72905,Montgomery Marketing,,12/10/2014,(562) 777-7088,14109 Pontlavoy Ave.,Santa Fe Springs,CA,90670,"14109 Pontlavoy Ave.
Santa Fe Springs, CA 90670
(33.90351703400046, -118.04937779499971)"
1145,72908,"Medical Market of Almaden, Inc.",Almaden Medical Market,11/12/2014,(408) 266-2369,"5353 Almaden Expressway, Suite F70",San Jose,CA,95118,"5353 Almaden Expressway, Suite F70
San Jose, CA 95118
(37.25234506000049, -121.87564157699973)"
1146,72947,"Palm Drug, Inc.","Palm Medical Supplies (division of Palm Drug, Inc. )",02/26/2015,(909) 425-0311,"3694 E. Highland Avenue, Suite 27",Highland,CA,92346,"3694 E. Highland Avenue, Suite 27
Highland, CA 92346
(34.13582326700049, -117.2057512609997)"
1147,72948,"Fundamental Medical Supply, Inc.",,12/20/2014,(805) 230-2220,"1459 E. Thousand Oaks Blvd., Suite G",Thousand Oaks,CA,91362,"1459 E. Thousand Oaks Blvd., Suite G
Thousand Oaks, CA 91362
(34.178031133000445, -118.85429922099968)"
1148,72953,"Spectrum Orthopedic Supply, Inc.",,12/17/2014,(530) 520-3622,3858 Spyglass Road,Chico,CA,95973,"3858 Spyglass Road
Chico, CA 95973
(39.80213406700045, -121.87706670599971)"
1149,72959,"River City Pharmacy, Inc.",,01/08/2015,(510) 670-2819,"26010 Eden Landing, Suite 5 & 6",Hayward,CA,94545-3727,"26010 Eden Landing, Suite 5 &amp; 6
Hayward, CA 94545-3727
(37.6278302610005, -122.12026921599971)"
1150,73001,"Verus Care, Inc.",,12/20/2014,(530) 273-7996,"1110 S. Wilson Way, Suite A",Stockton,CA,95205,"1110 S. Wilson Way, Suite A
Stockton, CA 95205
(37.94436886200049, -121.26841647099968)"
1151,73017,"Daniel Norman MD., Inc.",Santa Monica Sleep Disorders Center,02/13/2015,(310) 828-2293,"1301 20th Street, Suite 370",Santa Monica,CA,90404,"1301 20th Street, Suite 370
Santa Monica, CA 90404
(34.02960316800045, -118.48105021699968)"
1152,73021,The Weitchpec Group,Arrow Respiratory Care,04/03/2015,(909) 987-1661,"9567 Arrow Route, Suite L",Rancho Cucamonga,CA,91730,"9567 Arrow Route, Suite L
Rancho Cucamonga, CA 91730
(34.09928417900045, -117.5972396249997)"
1153,73037,"Orthomed, LLC",,01/22/2015,(323) 869-0000,9834 Norwalk Blvd.,Santa Fe Springs,CA,90670,"9834 Norwalk Blvd.
Santa Fe Springs, CA 90670
(33.948480223000445, -118.07269652199972)"
1154,73039,"Affordable Medical Supply, Inc.",,01/13/2015,(559) 224-3040,1535 Shaw Avenue,Fresno,CA,93710,"1535 Shaw Avenue
Fresno, CA 93710
(36.80833306900047, -119.76008994599971)"
1155,73040,"Fremont-Rideout Management Services Organization, Inc.",Sierra Health Care Center,12/31/2014,(530) 751-7030,939 Live Oak Boulevard,Yuba City,CA,95991-4002,"939 Live Oak Boulevard
Yuba City, CA 95991-4002
(39.141900784000484, -121.62082457999969)"
1156,73061,Medic-Air LLC,Acute Air Care,02/25/2015,(714) 968-6397,"2740 S. Harbor Blvd., Suite H",Santa Ana,CA,92704,"2740 S. Harbor Blvd., Suite H
Santa Ana, CA 92704
(33.71066779700044, -117.91979663599972)"
1157,73080,"Guardian Angel's Medical Supply, Inc.",,02/05/2015,(209) 826-2223,222 I Street,Los Banos,CA,93635,"222 I Street
Los Banos, CA 93635
(37.063246613000445, -120.85300735399971)"
1158,73082,"Express RX, Inc.",Express RX Pharmacy & Medical Supplies,02/05/2015,(213) 353-0552,"1711 W. Temple Street, #100",Los Angeles,CA,90026,"1711 W. Temple Street, #100
Los Angeles, CA 90026
(34.068777947000456, -118.26336828699971)"
1159,73083,Norbert and Leslie Gibola,,02/07/2015,(949) 457-1600,"24100 El Toro Road, Suite E",Laguna Woods,CA,92637,"24100 El Toro Road, Suite E
Laguna Woods, CA 92637
(33.612572790000456, -117.71347036199973)"
1160,73084,"SML Medical Supplies, Inc.",,01/24/2015,(909) 559-7200,"2132 S. Grove Avenue, Unit # G",Ontario,CA,91761,"2132 S. Grove Avenue, Unit # G
Ontario, CA 91761
(34.035060374000466, -117.62850225299968)"
1161,73088,"Noland Enterprise, Inc.",,07/16/2015,(530) 221-4099,"1255 Liberty Street, Suite G",Redding,CA,96001,"1255 Liberty Street, Suite G
Redding, CA 96001
(40.58797298000047, -122.3880080509997)"
1162,73099,High Desert Cardio Pulmonary Group,High Desert Sleep Disorders Center,02/12/2015,(760) 242-4191,"16017 Tuscola Road, Suite C",Apple Valley,CA,92307,"16017 Tuscola Road, Suite C
Apple Valley, CA 92307
(34.542240672000446, -117.26924613299968)"
1163,73106,A-1 Mobility,,01/29/2015,(805) 462-9925,5820 El Camino Real,Atascadero,CA,93422,"5820 El Camino Real
Atascadero, CA 93422
(35.48988472800045, -120.67151005899967)"
1164,73113,"H&H Drug Stores, Inc.",Western Drug Medical Supply,02/03/2015,(800) 891-3661,114 E. Airport Drive,San Bernardino,CA,92408,"114 E. Airport Drive
San Bernardino, CA 92408
(34.06718992700047, -117.28537539099972)"
1165,73114,"Seven Seas Distribution and Manufacturing, LLC",NovaTech Medical Devices,03/27/2015,(800) 571-1846,11643 Telegraph Road,Santa Fe Springs,CA,90670,"11643 Telegraph Road
Santa Fe Springs, CA 90670
(33.94694653600044, -118.0848185269997)"
1166,73169,"RFJ & G, Incorporated","M4 Oxygen Service, M4 CPAP & More",01/30/2015,(909) 949-9555,"1440 N. Benson Avenue, Suite E",Upland,Ca,91786,"1440 N. Benson Avenue, Suite E
Upland, Ca 91786
(34.11531104100044, -117.6808757659997)"
1167,55302,Cardinal Health 200 LLC.,,03/12/2015,(909) 605-0900,4551 E. Philadelphia Street,Ontario,CA,91761,"4551 E. Philadelphia Street
Ontario, CA 91761
(34.033467921000465, -117.55316952399971)"
1168,73243,K.C. Medical,,04/10/2015,(310) 676-4433,11949 Hawthorne Blvd.,Hawthorne,CA,90250,"11949 Hawthorne Blvd.
Hawthorne, CA 90250
(33.92458858300046, -118.3527164199997)"
1169,73245,"Verus Care, Inc.",,02/20/2015,(530) 273-7996,"2260 Cooper Avenue, Suite G",Merced,CA,95340,"2260 Cooper Avenue, Suite G
Merced, CA 95340
(37.316328901000475, -120.50904203399972)"
1170,73256,Qualium Corp.,CPAP Specialist,02/14/2015,(866) 887-6673,"535 East Romie Lane, Suite 1",Salinas,CA,93901,"535 East Romie Lane, Suite 1
Salinas, CA 93901
(36.65976707000044, -121.64524373599971)"
1171,73260,QUALIUM CORP,CPAP SPECIALIST,02/14/2015,(866) 887-6673,"225 Spruce Avenue, Suite 1",South San Francisco,CA,94080,"225 Spruce Avenue, Suite 1
South San Francisco, CA 94080
(37.656182028000444, -122.41615138199973)"
1172,73271,"Respiratory Care of America, Inc.",,02/19/2015,(310) 474-8200,"10700 Santa Monica Blvd., Suite 205",Los Angeles,CA,90025,"10700 Santa Monica Blvd., Suite 205
Los Angeles, CA 90025
(34.051707389000455, -118.43213239799968)"
1173,73276,"S & G Homecare, Inc.",,02/10/2015,(951) 787-1129,"1110 Palmyrita Avenue, Suite 110",Riverside,CA,92507,"1110 Palmyrita Avenue, Suite 110
Riverside, CA 92507
(34.004733469000485, -117.33690927299972)"
1174,73278,"A 2 Z Medical Supply Depot, Inc.",,02/24/2015,(805) 582-1022,4811 E. Los Angeles Avenue,Simi Valley,CA,93063,"4811 E. Los Angeles Avenue
Simi Valley, CA 93063
(34.27240355000049, -118.69998781699968)"
1175,73307,"Med Life & Orthopedic Shoes, Inc.",Medlife Healthcare,02/25/2015,(818) 701-5101,"9909 Canoga Avenue, Unit 1",Chatsworth,CA,91311,"9909 Canoga Avenue, Unit 1
Chatsworth, CA 91311
(34.250281267000446, -118.5973730669997)"
1176,73308,"mdINR, LLC",,03/19/2015,(408) 955-0159,72 Bonaventura Drive,San Jose,CA,95134,"72 Bonaventura Drive
San Jose, CA 95134
(37.388972770000464, -121.92807508899972)"
1177,73322,Aircare Medical Supply,Aircare Home Medical,02/28/2015,(818) 782-3900,"6900 Canby Avenue, Unit 105",Reseda,CA,91335,"6900 Canby Avenue, Unit 105
Reseda, CA 91335
(34.19563992900049, -118.5350423539997)"
1178,73396,Medical Oxygen and Supplies,,03/14/2015,(714) 674-0737,"569 Mercury Lane, Suite A",Brea,CA,92821,"569 Mercury Lane, Suite A
Brea, CA 92821
(33.91986791300047, -117.9039402409997)"
1179,73416,"Super Care, Inc.",Super care Health,03/18/2015,(626) 625-8561,1637 Del Amo Blvd.,Carson,CA,90746,"1637 Del Amo Blvd.
Carson, CA 90746
(33.846887292000474, -118.24238812999971)"
1180,73450,"Universal Medical Supplies and Rentals, Inc.",Precision Repair Network,03/13/2015,(760) 599-3935,"2244 South Santa Fe Avenue, Suite A5",Vista,CA,92804,"2244 South Santa Fe Avenue, Suite A5
Vista, CA 92804
(33.168183936000446, -117.20598488999968)"
1181,73452,1st Choice Medical,,03/07/2015,(559) 439-1369,6581 N. Blackstone,Fresno,CA,93710,"6581 N. Blackstone
Fresno, CA 93710
(36.83330071100045, -119.79043413499971)"
1182,73453,"KMBR Group, Inc.",Front Medical Supply Company,03/28/2015,(510) 623-1065,"4432 Enterprise Street, Suite I",Fremont,CA,94538,"4432 Enterprise Street, Suite I
Fremont, CA 94538
(37.502027463000445, -121.95817812699971)"
1183,73471,"Benevolent Innovations, LLC",,03/28/2015,(661) 322-7775,"3551 Q Street, Suite 103",Bakersfield,CA,93301,"3551 Q Street, Suite 103
Bakersfield, CA 93301
(35.39185031800048, -119.01056288899969)"
1184,73489,Correxus Medical Supply,,04/29/2015,(707) 474-5080,322 Cernon Street,Vacaville,CA,94568,"322 Cernon Street
Vacaville, CA 94568
(38.356203920000496, -121.99102357399971)"
1185,73545,"Total Nutrition Therapy, Inc.",,04/17/2015,(714) 777-8794,"16644 E. Johnson Drive, Suite B",Industry,CA,91745,"16644 E. Johnson Drive, Suite B
Industry, CA 91745
(34.00274347900046, -117.94586831899971)"
1186,73451,"Universal Medical Supplies and Rentals, Inc.",Precision Repair Network,03/13/2015,(858) 361-7889,"11362 Amalgam Way, Suite E",Rancho Cordova,CA,95670,"11362 Amalgam Way, Suite E
Rancho Cordova, CA 95670
(38.61751346300048, -121.25608359899968)"
1187,73606,"H & H Drug Stores, Inc.",Western Drug Medical,04/24/2015,(559) 277-2661,5639 W. Barstow Avenue,Fresno,CA,93722,"5639 W. Barstow Avenue
Fresno, CA 93722
(36.81534355100047, -119.89194900999968)"
1188,73630,"AJM Properties, LLC",BIMED SUPPLY CO.,04/21/2015,(847) 778-1350,"310 Via Vera Cruz, Suite 108",San Marcos,CA,92078,"310 Via Vera Cruz, Suite 108
San Marcos, CA 92078
(33.137869555000464, -117.18911991199968)"
1189,73714,Disabled Mobility Systems,Better Life Mobility Centers,06/13/2015,(310) 432-0700,1424 S. La Cienega Blvd.,Los Angeles,CA,90035,"1424 S. La Cienega Blvd.
Los Angeles, CA 90035
(34.05256238900046, -118.37612389199973)"
1190,73715,"Medical Network Resource Center, Inc.","MNRE, Inc.",05/15/2015,(909) 590-0797,"13841 Roswell Avenue, Bldg. 12, Unit 1",Chino,CA,91710,"13841 Roswell Avenue, Bldg. 12, Unit 1
Chino, CA 91710
(34.00135964100048, -117.72171995499968)"
1191,73716,"Medcare Supply, Inc.",,06/03/2015,(415) 775-7117,"4300 Geary Blvd., #A",San Francisco,CA,94118,"4300 Geary Blvd., #A
San Francisco, CA 94118
(37.78104789500048, -122.4655301149997)"
1192,73674,"ArjoHuntleigh, Inc.",,05/22/2015,(559) 217-6082,"4753 W. Shaw Avenue, Suite 110",Fresno,CA,93722,"4753 W. Shaw Avenue, Suite 110
Fresno, CA 93722
(36.80812505400047, -119.8790897349997)"
1193,73758,Comforen Medical Equipment,,04/24/2015,(510) 452-7888,"388 9th Street, Suite 127",Oakland,CA,94607,"388 9th Street, Suite 127
Oakland, CA 94607
(37.80017692600046, -122.27148931399972)"
1194,73774,"ABC Medi Health, Inc.",ABC Medical Supply & Equipment,05/05/2015,(408) 295-1526,425 S. Bascom Avenue,San Jose,CA,95128,"425 S. Bascom Avenue
San Jose, CA 95128
(37.32119987700048, -121.93199367499972)"
1195,73776,Super Care Inc.,Super Care Health,05/05/2015,(800) 206-4880,"14731 Franklin Avenue, Unit 1",Tustin,CA,91761,"14731 Franklin Avenue, Unit 1
Tustin, CA 91761
(33.71560596100045, -117.80986319299967)"
1196,73792,Lincare Inc.,,06/26/2015,(888) 288-8187,7067 Commerce Circle,Pleasanton,CA,94566,"7067 Commerce Circle
Pleasanton, CA 94566
(37.698863264000465, -121.91660013499973)"
1197,73806,National Autism Resources,,06/24/2015,(877) 249-2393,6240 Goodyear Road,Benicia,CA,94510,"6240 Goodyear Road
Benicia, CA 94510
(38.08784079600048, -122.1097675849997)"
1198,73826,A&G Spinal Solutions II LLC,,05/12/2015,(562) 272-0865,"3300 E. South St., Suite 205A",Long Beach,CA,90805,"3300 E. South St., Suite 205A
Long Beach, CA 90805
(33.86018317200046, -118.15312924999972)"
1199,73827,Hanger,"OrthoXpress- Team Post-Op, Inc.",06/05/2015,(949) 253-5500,17256 Red Hill Avenue,Irvine,CA,92614,"17256 Red Hill Avenue
Irvine, CA 92614
(33.697672843000475, -117.85110393699972)"
1200,73862,"Save-On Home Health Care Supply, Inc.",,05/19/2015,(626) 914-5282,"150 S. Grand Avenue, Suite H",Glendora,CA,91741,"150 S. Grand Avenue, Suite H
Glendora, CA 91741
(34.134690488000444, -117.87252137199971)"
1201,73865,"Mi-Med Supply Co., Inc.",,05/19/2015,(760) 734-6648,"1390 Decision Street, Suite B",Vista,CA,92081,"1390 Decision Street, Suite B
Vista, CA 92081
(33.13956340900046, -117.2245986699997)"
1202,73889,Sleep Apnea CPAP Supplies,,06/23/2015,(909) 579-5204,"8333 Foothill Blvd., Suite 105",Rancho Cucamonga,CA,91730,"8333 Foothill Blvd., Suite 105
Rancho Cucamonga, CA 91730
(34.10495132800048, -117.62325479899971)"
1203,73890,"All Care Medical Equipment and Supplies, LLC",,06/13/2015,(949) 407-7350,"11 Orchard Road, Suite 108",Lake Forest,CA,92630,"11 Orchard Road, Suite 108
Lake Forest, CA 92630
(33.67153274600048, -117.67155841499971)"
1204,73923,"Endeavor Medical Supply, Inc.",,06/04/2015,(714) 522-1500,7851 Walker Street,La Palma,CA,90623,"7851 Walker Street
La Palma, CA 90623
(33.84834117200046, -118.0373030339997)"
1205,73956,All Medical Supply & Equipment,,05/27/2015,(707) 554-6701,921 Marin Street,Vallejo,CA,94590,"921 Marin Street
Vallejo, CA 94590
(38.104677584000456, -122.25655248799973)"
1206,73957,"Oxnard Medical Supply, Inc.",,05/28/2015,(805) 486-5949,"711 S. Oxnard Blvd., #A",Oxnard,CA,93030,"711 S. Oxnard Blvd., #A
Oxnard, CA 93030
(34.194741284000486, -119.1775123919997)"
1207,73965,Wellness Medical Supplies and Mobility Equipment LLC,,05/23/2015,(714) 779-8544,"1261 N. Lakeview Avenue, Unit A",Anaheim,CA,92807,"1261 N. Lakeview Avenue, Unit A
Anaheim, CA 92807
(33.86103276300048, -117.8184660009997)"
1208,73995,Pain Medicine Consultants,,05/20/2015,(925) 287-1256,2250 Morello Avenue,Pleasant Hill,CA,94523,"2250 Morello Avenue
Pleasant Hill, CA 94523
(37.96168881000045, -122.07894417499972)"
1209,73997,Valley Oxygen,Synergy Sleep & Respiratory,05/20/2015,(661) 589-6800,"3232 Rio Mirada Drive, Suite C2",Bakersfield,CA,93308,"3232 Rio Mirada Drive, Suite C2
Bakersfield, CA 93308
(35.398807795000494, -119.04036781099973)"
1210,74031,Snore Solutions LLC,,06/10/2015,(415) 689-7799,"450 Sutter Street, Suite 1610",San Francisco,CA,94108,"450 Sutter Street, Suite 1610
San Francisco, CA 94108
(37.78934778000047, -122.40778235999971)"
1211,74045,"Pulmonary Providers, Inc.",,06/13/2015,(818) 347-6100,6457 Independence Avenue,Woodland Hills,CA,91367,"6457 Independence Avenue
Woodland Hills, CA 91367
(34.18780832000044, -118.59063577299969)"
1212,74047,"Roma Marketing, Inc.",Chino Medical Supply,05/21/2015,(909) 464-1500,12422 Central Avenue,Chino,CA,91710,"12422 Central Avenue
Chino, CA 91710
(34.02763905700044, -117.6895162239997)"
1213,56910,"Asante Solutions, Inc.",,06/04/2015,(408) 716-5600,352 East Java Drive,Sunnyvale,CA,94089,"352 East Java Drive
Sunnyvale, CA 94089
(37.41029545900045, -122.01291381699968)"
1214,74058,"Owens Healthcare - Medical Equipment, Inc.",Owens Medical #7,06/04/2015,(530) 924-2768,"874 Plumas Street, Suite #200",Yuba City,CA,95991,"874 Plumas Street, Suite #200
Yuba City, CA 95991
(39.14178094800047, -121.61772494199971)"
1215,74060,"Pumping Essentials, LLC",,06/05/2015,(866) 688-4203,"1172 National Drive, #90",Sacramento,CA,95834,"1172 National Drive, #90
Sacramento, CA 95834
(38.64446315700047, -121.48757540799971)"
1216,74061,Hanger,Total Care,06/19/2015,(949) 253-5500,"1660 Hamilton Avenue, Suite 101",San Jose,CA,95125,"1660 Hamilton Avenue, Suite 101
San Jose, CA 95125
(37.29440356400045, -121.91499982299968)"
1217,74062,Hanger,"OrthoXpress / Team Post-Op, Inc.",06/19/2015,(949) 253-5500,"2025 Chicago Avenue, Suite A-4",Riverside,CA,92507,"2025 Chicago Avenue, Suite A-4
Riverside, CA 92507
(33.992571135000446, -117.34856229999968)"
1218,74064,Hanger,OrthoXpress / Team Post-op,06/13/2015,(949) 253-5500,"8334 Clairemont Mesa Blvd/, Suite 111",San Diego,CA,92111,"8334 Clairemont Mesa Blvd/, Suite 111
San Diego, CA 92111
(32.832940505000465, -117.1447429859997)"
1219,74065,Hanger,"OrthoXpress / Team Post-Op, Inc.",06/16/2015,(949) 253-5500,"30101 Agoura Court, #114",Agoura Hills,CA,91301,"30101 Agoura Court, #114
Agoura Hills, CA 91301
(34.14548354000044, -118.77709561399968)"
1220,74069,Naptime Homecare,NHC Medical Supply,05/29/2015,(909) 593-8025,"255 E. Bonita, #103",Pomona,CA,91767,"255 E. Bonita, #103
Pomona, CA 91767
(34.09626509600048, -117.74565428199969)"
1221,74074,"Zi-Med Supply Co., Inc.",,06/18/2015,(805) 520-3555,"2355 Tapo Street, #2",Simi Valley,CA,93063,"2355 Tapo Street, #2
Simi Valley, CA 93063
(34.27780006200044, -118.70899230099968)"
1222,74123,Nadonah Medical Supply,Nadonah Medical Supply,06/20/2015,(661) 718-3870,5021 West Avenue M,Quartz Hill,CA,93536,"5021 West Avenue M
Quartz Hill, CA 93536
(34.645642041000485, -118.21916343899971)"
1223,74127,"Fiber-Tech Manufacturing, Inc.",Medical Products & All Home Medical Supply,06/13/2015,(800) 388-8184,4150 Convoy Street,San Diego,CA,92111,"4150 Convoy Street
San Diego, CA 92111
(32.81828765000046, -117.15491212299969)"
1224,74130,"HCR Enterprises, Inc.",PSP Medical Rental and Sales,06/19/2015,(562) 801-4700,"12401 Slauson Avenue, Unit D",Whittier,CA,90606,"12401 Slauson Avenue, Unit D
Whittier, CA 90606
(33.96028535000045, -118.05298674199969)"
1225,74158,Apria Healthcare LLC,,07/15/2015,(707) 671-6053,755 Bevins Street,Lakeport,CA,95453,"755 Bevins Street
Lakeport, CA 95453
(39.036362230000464, -122.9246471569997)"
1226,74163,Recovery DME,,07/10/2015,(800) 214-8618,"9449 Balboa Avenue, Suite 110",San Diego,CA,92123,"9449 Balboa Avenue, Suite 110
San Diego, CA 92123
(32.82220310400044, -117.12642886799972)"
1227,74164,Hospice Source LLC,,07/25/2015,(562) 463-7400,3645 San Gabriel River Parkway,Pico Rivera,CA,90660,"3645 San Gabriel River Parkway
Pico Rivera, CA 90660
(34.01351538700044, -118.05984122599972)"
1228,74307,"Merced Medical Supply, Inc.",,06/03/2016,(209) 722-3832,100 Riggs Road,Merced,CA,95340,"100 Riggs Road
Merced, CA 95340
(37.315056882000476, -120.46134646499968)"
1229,74308,"Idamed, Inc.",At Home Medical Equipment & Supplies,07/03/2015,(714) 556-4663,"17660 Newhope Street, Suite F",Fountain Valley,CA,92708,"17660 Newhope Street, Suite F
Fountain Valley, CA 92708
(33.706111717000454, -117.92914841899972)"
1230,74309,"Optimal Rehab, Inc.",,07/23/2015,(909) 390-9111,"360 S. Milliken Avenue, Suite B & C",Ontario,CA,91761,"360 S. Milliken Avenue, Suite B &amp; C
Ontario, CA 91761
(34.03716300800045, -117.60653881099972)"
1231,74319,"Express RX, Inc.",Express RX Pharmacy & Medical Supplies,07/17/2015,(213) 800-4789,"5790 E. Shields Avenue, #103",Fresno,CA,93727,"5790 E. Shields Avenue, #103
Fresno, CA 93727
(36.77932322200047, -119.6923000539997)"
1232,74339,"ABC World Medical, Inc.",,07/21/2015,(714) 530-1171,10256 Westminister Avenue,Garden Grove,CA,92843,"10256 Westminister Avenue
Garden Grove, CA 92843
(33.759498316000474, -117.95025731799967)"
1233,74140,Montgomery Marketing,Montgomery Marketing,07/28/2015,(562) 777-7088,"1014 E. Cooley Drive, Suite E",Colton,CA,92324,"1014 E. Cooley Drive, Suite E
Colton, CA 92324
(34.05455471600044, -117.31080734199969)"
1234,74369,"My Home Medical Supplies, LLC",,07/11/2015,(916) 921-1054,"1500 West El Camino Avenue, #14",Sacramento,CA,95833,"1500 West El Camino Avenue, #14
Sacramento, CA 95833
(38.61285363400049, -121.49530882699969)"
1235,74384,St. Joseph Medical Equipment Corporation,Precision Repair Network,07/25/2015,(818) 359-0634,2821 W. Burbank Blvd.,Burbank,CA,91505,"2821 W. Burbank Blvd.
Burbank, CA 91505
(34.17740750800044, -118.3421783659997)"
1236,74385,"Super Care, Inc.",,07/18/2015,(800) 206-4880,1001 Peeten Court,Milpitas,CA,95035,"1001 Peeten Court
Milpitas, CA 95035
(37.43312806200049, -121.89601948599972)"
1237,74423,"BBD Advantage, Inc.",DME United,07/28/2015,(818) 230-2474,"14540 Hamlin St., Suite E3",Van Nuys,CA,91411,"14540 Hamlin St., Suite E3
Van Nuys, CA 91411
(34.18863303700044, -118.4499593489997)"
